Using pre-set license
Built from '6000.0/release' branch; Version is '6000.0.29f1 (9fafe5c9db65) revision 10465253'; Using compiler version '193933523'; Build Type 'Release'
OS: 'Windows 11  (10.0.22631) 64bit Core' Language: 'en' Physical Memory: 16196 MB
BatchMode: 1, IsHumanControllingUs: 0, StartBugReporterOnCrash: 0, Is64bit: 1, IsPro: 1

COMMAND LINE ARGUMENTS:
D:\Unity\6000.0.29f1\Editor\Unity.exe
-adb2
-batchMode
-noUpm
-name
AssetImportWorker2
-projectPath
D:/github/LUTE-Game2
-logFile
Logs/AssetImportWorker2.log
-srvPort
57346
-job-worker-count
5
-background-job-worker-count
8
-asset-garbage-collectors
1
Successfully changed project path to: D:/github/LUTE-Game2
D:/github/LUTE-Game2
[UnityMemory] Configuration Parameters - Can be set up in boot.config
    "memorysetup-bucket-allocator-granularity=16"
    "memorysetup-bucket-allocator-bucket-count=8"
    "memorysetup-bucket-allocator-block-size=33554432"
    "memorysetup-bucket-allocator-block-count=8"
    "memorysetup-main-allocator-block-size=16777216"
    "memorysetup-thread-allocator-block-size=16777216"
    "memorysetup-gfx-main-allocator-block-size=16777216"
    "memorysetup-gfx-thread-allocator-block-size=16777216"
    "memorysetup-cache-allocator-block-size=4194304"
    "memorysetup-typetree-allocator-block-size=2097152"
    "memorysetup-profiler-bucket-allocator-granularity=16"
    "memorysetup-profiler-bucket-allocator-bucket-count=8"
    "memorysetup-profiler-bucket-allocator-block-size=33554432"
    "memorysetup-profiler-bucket-allocator-block-count=8"
    "memorysetup-profiler-allocator-block-size=16777216"
    "memorysetup-profiler-editor-allocator-block-size=1048576"
    "memorysetup-temp-allocator-size-main=16777216"
    "memorysetup-job-temp-allocator-block-size=2097152"
    "memorysetup-job-temp-allocator-block-size-background=1048576"
    "memorysetup-job-temp-allocator-reduction-small-platforms=262144"
    "memorysetup-allocator-temp-initial-block-size-main=262144"
    "memorysetup-allocator-temp-initial-block-size-worker=262144"
    "memorysetup-temp-allocator-size-background-worker=32768"
    "memorysetup-temp-allocator-size-job-worker=262144"
    "memorysetup-temp-allocator-size-preload-manager=33554432"
    "memorysetup-temp-allocator-size-nav-mesh-worker=65536"
    "memorysetup-temp-allocator-size-audio-worker=65536"
    "memorysetup-temp-allocator-size-cloud-worker=32768"
    "memorysetup-temp-allocator-size-gi-baking-worker=262144"
    "memorysetup-temp-allocator-size-gi-baking-worker=262144"
    "memorysetup-temp-allocator-size-gi-baking-worker=262144"
    "memorysetup-temp-allocator-size-gi-baking-worker=262144"
    "memorysetup-temp-allocator-size-gi-baking-worker=262144"
    "memorysetup-temp-allocator-size-gfx=262144"
Player connection [42280]  Target information:

Player connection [42280]  * "[IP] 192.168.1.26 [Port] 0 [Flags] 2 [Guid] 3508513528 [EditorId] 3508513528 [Version] 1048832 [Id] WindowsEditor(7,DESKTOP-7L1150V) [Debug] 1 [PackageName] WindowsEditor [ProjectName] Editor" 

Player connection [42280] Host joined multi-casting on [225.0.0.222:54997]...
Player connection [42280] Host joined alternative multi-casting on [225.0.0.222:34997]...
JobSystem: Creating JobQueue using job-worker-count value 5
[Physics::Module] Initialized fallback backend.
[Physics::Module] Id: 0xdecafbad
Library Redirect Path: Library/
[Physics::Module] Selected backend.
[Physics::Module] Name: PhysX
[Physics::Module] Id: 0xf2b8ea05
[Physics::Module] SDK Version: 4.1.2
[Physics::Module] Integration Version: 1.0.0
[Physics::Module] Threading Mode: Multi-Threaded
Refreshing native plugins compatible for Editor in 1083.94 ms, found 6 plugins.
Preloading 0 native plugins for Editor in 0.00 ms.
Initialize engine version: 6000.0.29f1 (9fafe5c9db65)
[Subsystems] Discovering subsystems at path D:/Unity/6000.0.29f1/Editor/Data/Resources/UnitySubsystems
[Subsystems] Discovering subsystems at path D:/github/LUTE-Game2/Assets
GfxDevice: creating device client; kGfxThreadingModeNonThreaded
Direct3D:
    Version:  Direct3D 11.0 [level 11.1]
    Renderer: NVIDIA GeForce RTX 2070 with Max-Q Design (ID=0x1f10)
    Vendor:   NVIDIA
    VRAM:     8006 MB
    Driver:   32.0.15.7216
Shader 'MoreMountains/MMRipple': fallback shader 'Particle/AlphaBlended' not found
Initialize mono
Mono path[0] = 'D:/Unity/6000.0.29f1/Editor/Data/Managed'
Mono path[1] = 'D:/Unity/6000.0.29f1/Editor/Data/MonoBleedingEdge/lib/mono/unityjit-win32'
Mono config path = 'D:/Unity/6000.0.29f1/Editor/Data/MonoBleedingEdge/etc'
Using monoOptions --debugger-agent=transport=dt_socket,embedding=1,server=y,suspend=n,address=127.0.0.1:56276
Begin MonoManager ReloadAssembly
Registering precompiled unity dll's ...
Register platform support module: D:/Unity/6000.0.29f1/Editor/Data/PlaybackEngines/WindowsStandaloneSupport/UnityEditor.WindowsStandalone.Extensions.dll
Register platform support module: D:/Unity/6000.0.29f1/Editor/Data/PlaybackEngines/AndroidPlayer/UnityEditor.Android.Extensions.dll
Registered in 0.043955 seconds.
- Loaded All Assemblies, in  1.910 seconds
Native extension for Android target not found
Android Extension - Scanning For ADB Devices 814 ms
Native extension for WindowsStandalone target not found
Mono: successfully reloaded assembly
- Finished resetting the current domain, in  1.473 seconds
Domain Reload Profiling: 3383ms
	BeginReloadAssembly (723ms)
		ExecutionOrderSort (0ms)
		DisableScriptedObjects (0ms)
		BackupInstance (0ms)
		ReleaseScriptingObjects (0ms)
		CreateAndSetChildDomain (1ms)
	RebuildCommonClasses (487ms)
	RebuildNativeTypeToScriptingClass (36ms)
	initialDomainReloadingComplete (94ms)
	LoadAllAssembliesAndSetupDomain (570ms)
		LoadAssemblies (723ms)
		RebuildTransferFunctionScriptingTraits (0ms)
		AnalyzeDomain (564ms)
			TypeCache.Refresh (562ms)
				TypeCache.ScanAssembly (529ms)
			BuildScriptInfoCaches (0ms)
			ResolveRequiredComponents (1ms)
	FinalizeReload (1474ms)
		ReleaseScriptCaches (0ms)
		RebuildScriptCaches (0ms)
		SetupLoadedEditorAssemblies (1402ms)
			LogAssemblyErrors (0ms)
			InitializePlatformSupportModulesInManaged (991ms)
			SetLoadedEditorAssemblies (5ms)
			BeforeProcessingInitializeOnLoad (10ms)
			ProcessInitializeOnLoadAttributes (284ms)
			ProcessInitializeOnLoadMethodAttributes (109ms)
			AfterProcessingInitializeOnLoad (3ms)
			EditorAssembliesLoaded (0ms)
		ExecutionOrderSort2 (0ms)
		AwakeInstancesAfterBackupRestoration (0ms)
========================================================================
Worker process is ready to serve import requests
Import Worker Mode flag is 0x00
Begin MonoManager ReloadAssembly
- Loaded All Assemblies, in  3.770 seconds
Script 'VideoPlayer' has the same name as built-in Unity component.
AddComponent and GetComponent will not work with this script.
Refreshing native plugins compatible for Editor in 298.27 ms, found 6 plugins.
Native extension for Android target not found
Native extension for WindowsStandalone target not found
Package Manager log level set to [2]
[Package Manager] Failed to launch server process. Reason: Unity was launched with the -noUpm command-line argument
[Package Manager] Unable to send message (not connected to server process).
[Package Manager] Cannot connect to Unity Package Manager local server
Mono: successfully reloaded assembly
[Package Manager] Failed to launch server process. Reason: Unity was launched with the -noUpm command-line argument
[Package Manager] Unable to send message (not connected to server process).
[Package Manager] Cannot connect to Unity Package Manager local server
[Package Manager] Failed to launch server process. Reason: Unity was launched with the -noUpm command-line argument
[Package Manager] Unable to send message (not connected to server process).
[Package Manager] Cannot connect to Unity Package Manager local server
- Finished resetting the current domain, in  5.014 seconds
Domain Reload Profiling: 8782ms
	BeginReloadAssembly (225ms)
		ExecutionOrderSort (0ms)
		DisableScriptedObjects (36ms)
		BackupInstance (0ms)
		ReleaseScriptingObjects (0ms)
		CreateAndSetChildDomain (33ms)
	RebuildCommonClasses (50ms)
	RebuildNativeTypeToScriptingClass (17ms)
	initialDomainReloadingComplete (48ms)
	LoadAllAssembliesAndSetupDomain (3428ms)
		LoadAssemblies (2922ms)
		RebuildTransferFunctionScriptingTraits (0ms)
		AnalyzeDomain (626ms)
			TypeCache.Refresh (377ms)
				TypeCache.ScanAssembly (350ms)
			BuildScriptInfoCaches (214ms)
			ResolveRequiredComponents (31ms)
	FinalizeReload (5014ms)
		ReleaseScriptCaches (0ms)
		RebuildScriptCaches (0ms)
		SetupLoadedEditorAssemblies (4799ms)
			LogAssemblyErrors (0ms)
			InitializePlatformSupportModulesInManaged (14ms)
			SetLoadedEditorAssemblies (5ms)
			BeforeProcessingInitializeOnLoad (101ms)
			ProcessInitializeOnLoadAttributes (4566ms)
			ProcessInitializeOnLoadMethodAttributes (107ms)
			AfterProcessingInitializeOnLoad (6ms)
			EditorAssembliesLoaded (1ms)
		ExecutionOrderSort2 (0ms)
		AwakeInstancesAfterBackupRestoration (8ms)
Shader 'MoreMountains/MMRipple': fallback shader 'Particle/AlphaBlended' not found
Launched and connected shader compiler UnityShaderCompiler.exe after 0.36 seconds
Refreshing native plugins compatible for Editor in 198.58 ms, found 6 plugins.
Preloading 0 native plugins for Editor in 0.00 ms.
Unloading 185 Unused Serialized files (Serialized files now loaded: 0)
Unloading 9244 unused Assets / (11.1 MB). Loaded Objects now: 9788.
Memory consumption went from 267.6 MB to 256.5 MB.
Total: 12.674400 ms (FindLiveObjects: 1.233100 ms CreateObjectMapping: 1.617900 ms MarkObjects: 5.060400 ms  DeleteObjects: 4.762200 ms)

========================================================================
Received Import Request.
  Time since last request: 285310.776498 seconds.
  path: Assets/Mapbox/Examples/Resources/maki/bar-15.png
  artifactKey: Guid(7a36158a2c2724c4d8fb9be96005e55d) Importer(815301076,1909f56bfc062723c751e8b465ee728b)
Start importing Assets/Mapbox/Examples/Resources/maki/bar-15.png using Guid(7a36158a2c2724c4d8fb9be96005e55d) Importer(815301076,1909f56bfc062723c751e8b465ee728b) (PreviewImporter) -> (artifact id: '105327d154f0dbf5abd838e2e71929a9') in 0.7307435 seconds
Number of updated asset objects reloaded before import = 0Number of asset objects unloaded after import = 3

========================================================================
Received Import Request.
  Time since last request: 0.156084 seconds.
  path: Assets/Mapbox/Examples/Resources/maki/bicycle-share-15.png
  artifactKey: Guid(0a300f3c30c4f734abb83f28a7dc10e9) Importer(815301076,1909f56bfc062723c751e8b465ee728b)
Start importing Assets/Mapbox/Examples/Resources/maki/bicycle-share-15.png using Guid(0a300f3c30c4f734abb83f28a7dc10e9) Importer(815301076,1909f56bfc062723c751e8b465ee728b) (PreviewImporter) -> (artifact id: '23ea5504580fa6349a995ed19d184ed5') in 0.01307 seconds
Number of updated asset objects reloaded before import = 0Number of asset objects unloaded after import = 3

========================================================================
Received Import Request.
  Time since last request: 0.083466 seconds.
  path: Assets/Sprites/Blue_Topaz.png
  artifactKey: Guid(ab41d3c5c134ef940b4be6adab88e148) Importer(815301076,1909f56bfc062723c751e8b465ee728b)
Start importing Assets/Sprites/Blue_Topaz.png using Guid(ab41d3c5c134ef940b4be6adab88e148) Importer(815301076,1909f56bfc062723c751e8b465ee728b) (PreviewImporter) -> (artifact id: '32f2c8841c277905eb19a4a99ba5ba1d') in 0.1214969 seconds
Number of updated asset objects reloaded before import = 0Number of asset objects unloaded after import = 3

========================================================================
Received Import Request.
  Time since last request: 0.477154 seconds.
  path: Assets/Mapbox/Examples/Resources/maki/buddhism-15.png
  artifactKey: Guid(64547378883ea334f9e656e15e450a61) Importer(815301076,1909f56bfc062723c751e8b465ee728b)
Start importing Assets/Mapbox/Examples/Resources/maki/buddhism-15.png using Guid(64547378883ea334f9e656e15e450a61) Importer(815301076,1909f56bfc062723c751e8b465ee728b) (PreviewImporter) -> (artifact id: '00e6721f8f3d8a06ee27d1b52e82a49e') in 0.0268833 seconds
Number of updated asset objects reloaded before import = 0Number of asset objects unloaded after import = 3

========================================================================
Received Import Request.
  Time since last request: 0.024033 seconds.
  path: Assets/Mapbox/Examples/Resources/maki/building-15.png
  artifactKey: Guid(c28cf76c7e16569499fe77e47467dff1) Importer(815301076,1909f56bfc062723c751e8b465ee728b)
Start importing Assets/Mapbox/Examples/Resources/maki/building-15.png using Guid(c28cf76c7e16569499fe77e47467dff1) Importer(815301076,1909f56bfc062723c751e8b465ee728b) (PreviewImporter) -> (artifact id: '3c6efe673b997e8d8411b4c992ac727f') in 0.0122209 seconds
Number of updated asset objects reloaded before import = 0Number of asset objects unloaded after import = 3

========================================================================
Received Import Request.
  Time since last request: 0.142520 seconds.
  path: Assets/LUTE_Starter Scenes/Scenes/Games/AR/Textures/BUMural.jpg
  artifactKey: Guid(86c1f7b87cc68d84885de51f2e7108da) Importer(815301076,1909f56bfc062723c751e8b465ee728b)
Start importing Assets/LUTE_Starter Scenes/Scenes/Games/AR/Textures/BUMural.jpg using Guid(86c1f7b87cc68d84885de51f2e7108da) Importer(815301076,1909f56bfc062723c751e8b465ee728b) (PreviewImporter) -> (artifact id: '3302dc7c811086c6ca4575c704498271') in 0.0510973 seconds
Number of updated asset objects reloaded before import = 0Number of asset objects unloaded after import = 3

========================================================================
Received Import Request.
  Time since last request: 0.680428 seconds.
  path: Assets/Mapbox/Examples/Resources/maki/bus-15.png
  artifactKey: Guid(78f64b0fd92be8044b951eb0e474cee9) Importer(815301076,1909f56bfc062723c751e8b465ee728b)
Start importing Assets/Mapbox/Examples/Resources/maki/bus-15.png using Guid(78f64b0fd92be8044b951eb0e474cee9) Importer(815301076,1909f56bfc062723c751e8b465ee728b) (PreviewImporter) -> (artifact id: '1770e637830625dc9da574daf9cda43f') in 0.121093 seconds
Number of updated asset objects reloaded before import = 0Number of asset objects unloaded after import = 3

========================================================================
Received Import Request.
  Time since last request: 1.282144 seconds.
  path: Assets/Mapbox/Examples/Resources/maki/cafe-15.png
  artifactKey: Guid(025733da1b0ac7345a65b55d10874afa) Importer(815301076,1909f56bfc062723c751e8b465ee728b)
Start importing Assets/Mapbox/Examples/Resources/maki/cafe-15.png using Guid(025733da1b0ac7345a65b55d10874afa) Importer(815301076,1909f56bfc062723c751e8b465ee728b) (PreviewImporter) -> (artifact id: '907ba9001cc71b1c76b13659c80fbf86') in 0.0130466 seconds
Number of updated asset objects reloaded before import = 0Number of asset objects unloaded after import = 3

========================================================================
Received Import Request.
  Time since last request: 0.071795 seconds.
  path: Assets/Mapbox/Examples/Resources/maki/car-15.png
  artifactKey: Guid(6b42d9d154bbf8043960ed1d7bc122e8) Importer(815301076,1909f56bfc062723c751e8b465ee728b)
Start importing Assets/Mapbox/Examples/Resources/maki/car-15.png using Guid(6b42d9d154bbf8043960ed1d7bc122e8) Importer(815301076,1909f56bfc062723c751e8b465ee728b) (PreviewImporter) -> (artifact id: '0584543b348108dd85e3bb72ca7931fe') in 0.0250693 seconds
Number of updated asset objects reloaded before import = 0Number of asset objects unloaded after import = 3

========================================================================
Received Import Request.
  Time since last request: 0.065184 seconds.
  path: Assets/Mapbox/Examples/Resources/maki/castle-15.png
  artifactKey: Guid(497d7ff58b11fdc4980f85c156fe948f) Importer(815301076,1909f56bfc062723c751e8b465ee728b)
Start importing Assets/Mapbox/Examples/Resources/maki/castle-15.png using Guid(497d7ff58b11fdc4980f85c156fe948f) Importer(815301076,1909f56bfc062723c751e8b465ee728b) (PreviewImporter) -> (artifact id: '7ab5dff72f1a682f53c7b2554519e08b') in 0.1045492 seconds
Number of updated asset objects reloaded before import = 0Number of asset objects unloaded after import = 3

========================================================================
Received Import Request.
  Time since last request: 0.286923 seconds.
  path: Assets/Mapbox/Examples/Resources/maki/cemetery-15.png
  artifactKey: Guid(a714dbf7a53aa9d4f983a34071aa7dcc) Importer(815301076,1909f56bfc062723c751e8b465ee728b)
Start importing Assets/Mapbox/Examples/Resources/maki/cemetery-15.png using Guid(a714dbf7a53aa9d4f983a34071aa7dcc) Importer(815301076,1909f56bfc062723c751e8b465ee728b) (PreviewImporter) -> (artifact id: '0e21f4db3ff7c90fa24a5b3714566aad') in 0.012774 seconds
Number of updated asset objects reloaded before import = 0Number of asset objects unloaded after import = 3

========================================================================
Received Import Request.
  Time since last request: 0.477428 seconds.
  path: Assets/LUTE/EditorResources/Textures/choice_node_off.png
  artifactKey: Guid(6427040dcc170204c9f77dbcf880f2af) Importer(815301076,1909f56bfc062723c751e8b465ee728b)
Start importing Assets/LUTE/EditorResources/Textures/choice_node_off.png using Guid(6427040dcc170204c9f77dbcf880f2af) Importer(815301076,1909f56bfc062723c751e8b465ee728b) (PreviewImporter) -> (artifact id: 'd5da147131ee63d226e14bb03a869daf') in 0.1413166 seconds
Number of updated asset objects reloaded before import = 0Number of asset objects unloaded after import = 3

========================================================================
Received Import Request.
  Time since last request: 0.000014 seconds.
  path: Assets/LUTE_Starter Scenes/Scenes/Games/DesignerCreated/Testing/AlbertoDemo/Resources/UI/choicebox_noalpha.png
  artifactKey: Guid(36642b7398c790d43bd5fb382ca9622c) Importer(815301076,1909f56bfc062723c751e8b465ee728b)
Start importing Assets/LUTE_Starter Scenes/Scenes/Games/DesignerCreated/Testing/AlbertoDemo/Resources/UI/choicebox_noalpha.png using Guid(36642b7398c790d43bd5fb382ca9622c) Importer(815301076,1909f56bfc062723c751e8b465ee728b) (PreviewImporter) -> (artifact id: '2226a77fdbad4daf370604aacf010a7c') in 0.1516048 seconds
Number of updated asset objects reloaded before import = 0Number of asset objects unloaded after import = 3

========================================================================
Received Import Request.
  Time since last request: 0.000017 seconds.
  path: Assets/Mapbox/Examples/Resources/maki/circle-stroked-15.png
  artifactKey: Guid(fd2b6f67e5eb18f499770977400b8dec) Importer(815301076,1909f56bfc062723c751e8b465ee728b)
Start importing Assets/Mapbox/Examples/Resources/maki/circle-stroked-15.png using Guid(fd2b6f67e5eb18f499770977400b8dec) Importer(815301076,1909f56bfc062723c751e8b465ee728b) (PreviewImporter) -> (artifact id: '9dc9172c5a2dd5f027784b3ad628ab6c') in 0.1475071 seconds
Number of updated asset objects reloaded before import = 0Number of asset objects unloaded after import = 3

========================================================================
Received Import Request.
  Time since last request: 0.162512 seconds.
  path: Assets/Mapbox/Resources/Mapbox/PrefabScreens/CitySimulator.gif
  artifactKey: Guid(53e90d032a2624ab1801469b8ce804e4) Importer(815301076,1909f56bfc062723c751e8b465ee728b)
Start importing Assets/Mapbox/Resources/Mapbox/PrefabScreens/CitySimulator.gif using Guid(53e90d032a2624ab1801469b8ce804e4) Importer(815301076,1909f56bfc062723c751e8b465ee728b) (PreviewImporter) -> (artifact id: '7f93b1ca4a8f38f522af63cb7d262b08') in 0.1443827 seconds
Number of updated asset objects reloaded before import = 0Number of asset objects unloaded after import = 3

========================================================================
Received Import Request.
  Time since last request: 0.058264 seconds.
  path: Assets/Mapbox/Examples/Resources/maki/commercial-15.png
  artifactKey: Guid(7f1f9d40832d0e349a4a04c4c59cc880) Importer(815301076,1909f56bfc062723c751e8b465ee728b)
Start importing Assets/Mapbox/Examples/Resources/maki/commercial-15.png using Guid(7f1f9d40832d0e349a4a04c4c59cc880) Importer(815301076,1909f56bfc062723c751e8b465ee728b) (PreviewImporter) -> (artifact id: '793bad19c98cdc449737f62e38025639') in 0.1049245 seconds
Number of updated asset objects reloaded before import = 0Number of asset objects unloaded after import = 3

========================================================================
Received Import Request.
  Time since last request: 0.797503 seconds.
  path: Assets/LUTE_Starter Scenes/Scenes/Games/DesignerCreated/Testing/AlbertoDemo/Sprites/Icons/Geotags/compass-100.png
  artifactKey: Guid(ca707c72a4a87974a97ac83b7fd624de) Importer(815301076,1909f56bfc062723c751e8b465ee728b)
Start importing Assets/LUTE_Starter Scenes/Scenes/Games/DesignerCreated/Testing/AlbertoDemo/Sprites/Icons/Geotags/compass-100.png using Guid(ca707c72a4a87974a97ac83b7fd624de) Importer(815301076,1909f56bfc062723c751e8b465ee728b) (PreviewImporter) -> (artifact id: '7122479fdb184b7595f5099546408f64') in 0.0870676 seconds
Number of updated asset objects reloaded before import = 0Number of asset objects unloaded after import = 3

========================================================================
Received Import Request.
  Time since last request: 0.000020 seconds.
  path: Assets/Mapbox/Textures/CornerPanelRadius_12px_Fill.png
  artifactKey: Guid(ae30072a59a25814e8cfe4b1f70242ed) Importer(815301076,1909f56bfc062723c751e8b465ee728b)
Start importing Assets/Mapbox/Textures/CornerPanelRadius_12px_Fill.png using Guid(ae30072a59a25814e8cfe4b1f70242ed) Importer(815301076,1909f56bfc062723c751e8b465ee728b) (PreviewImporter) -> (artifact id: '67dcb5e3d3a7282f9f9dc5a8ccfe28ec') in 0.640005 seconds
Number of updated asset objects reloaded before import = 0Number of asset objects unloaded after import = 3

========================================================================
Received Import Request.
  Time since last request: 0.000034 seconds.
  path: Assets/LUTE/Resources/Textures/DialogBoxAncientSliced.png
  artifactKey: Guid(6bcd139985a869544bf347a5a9eee1c4) Importer(815301076,1909f56bfc062723c751e8b465ee728b)
Start importing Assets/LUTE/Resources/Textures/DialogBoxAncientSliced.png using Guid(6bcd139985a869544bf347a5a9eee1c4) Importer(815301076,1909f56bfc062723c751e8b465ee728b) (PreviewImporter) -> (artifact id: '3641e3113832e50b99dac7058553d522') in 0.1188677 seconds
Number of updated asset objects reloaded before import = 0Number of asset objects unloaded after import = 3

========================================================================
Received Import Request.
  Time since last request: 0.032207 seconds.
  path: Assets/LUTE/EditorResources/Icons/diamond.png
  artifactKey: Guid(a92e86bb95002d647834e02edb72d2de) Importer(815301076,1909f56bfc062723c751e8b465ee728b)
Start importing Assets/LUTE/EditorResources/Icons/diamond.png using Guid(a92e86bb95002d647834e02edb72d2de) Importer(815301076,1909f56bfc062723c751e8b465ee728b) (PreviewImporter) -> (artifact id: '670b6c167428d184ef8cadb8d9b00408') in 0.3352866 seconds
Number of updated asset objects reloaded before import = 0Number of asset objects unloaded after import = 3

========================================================================
Received Import Request.
  Time since last request: 0.186373 seconds.
  path: Assets/LUTE_Starter Scenes/Scenes/Games/DesignerCreated/Testing/AlbertoDemo/Prefabs/diff_bank_back.png
  artifactKey: Guid(fe5ba1b7e3ccf584e93c57f3dc4a25af) Importer(815301076,1909f56bfc062723c751e8b465ee728b)
Start importing Assets/LUTE_Starter Scenes/Scenes/Games/DesignerCreated/Testing/AlbertoDemo/Prefabs/diff_bank_back.png using Guid(fe5ba1b7e3ccf584e93c57f3dc4a25af) Importer(815301076,1909f56bfc062723c751e8b465ee728b) (PreviewImporter) -> (artifact id: 'a2fb72805b4c7a1b9108896103f44ef5') in 0.1947841 seconds
Number of updated asset objects reloaded before import = 0Number of asset objects unloaded after import = 3

========================================================================
Received Import Request.
  Time since last request: 0.113778 seconds.
  path: Assets/LUTE_Starter Scenes/Scenes/Games/DesignerCreated/Testing/AlbertoDemo/Prefabs/diff_barberstone_front.png
  artifactKey: Guid(de644c9aaf3e8e84e802b64faa3979ec) Importer(815301076,1909f56bfc062723c751e8b465ee728b)
Start importing Assets/LUTE_Starter Scenes/Scenes/Games/DesignerCreated/Testing/AlbertoDemo/Prefabs/diff_barberstone_front.png using Guid(de644c9aaf3e8e84e802b64faa3979ec) Importer(815301076,1909f56bfc062723c751e8b465ee728b) (PreviewImporter) -> (artifact id: 'b4016901168f492fc02649a6c1fb101f') in 0.1350939 seconds
Number of updated asset objects reloaded before import = 0Number of asset objects unloaded after import = 3

========================================================================
Received Import Request.
  Time since last request: 0.310615 seconds.
  path: Assets/LUTE_Starter Scenes/Scenes/Games/DesignerCreated/Testing/AlbertoDemo/Prefabs/Diff_Cove_front.png
  artifactKey: Guid(d3a7ceb0575e52940a174d4d01794cbc) Importer(815301076,1909f56bfc062723c751e8b465ee728b)
Start importing Assets/LUTE_Starter Scenes/Scenes/Games/DesignerCreated/Testing/AlbertoDemo/Prefabs/Diff_Cove_front.png using Guid(d3a7ceb0575e52940a174d4d01794cbc) Importer(815301076,1909f56bfc062723c751e8b465ee728b) (PreviewImporter) -> (artifact id: '2543a6a37972872e5daf40e73b1f6926') in 0.1351554 seconds
Number of updated asset objects reloaded before import = 0Number of asset objects unloaded after import = 3

========================================================================
Received Import Request.
  Time since last request: 0.299585 seconds.
  path: Assets/LUTE_Starter Scenes/Scenes/Games/DesignerCreated/Testing/AlbertoDemo/Prefabs/diff_obelisk_back.png
  artifactKey: Guid(8d6b25c498a2757479ff54add9cb63d6) Importer(815301076,1909f56bfc062723c751e8b465ee728b)
Start importing Assets/LUTE_Starter Scenes/Scenes/Games/DesignerCreated/Testing/AlbertoDemo/Prefabs/diff_obelisk_back.png using Guid(8d6b25c498a2757479ff54add9cb63d6) Importer(815301076,1909f56bfc062723c751e8b465ee728b) (PreviewImporter) -> (artifact id: '2f8104dfa4d5edeb77af910dd169bd23') in 0.147148 seconds
Number of updated asset objects reloaded before import = 0Number of asset objects unloaded after import = 3

========================================================================
Received Import Request.
  Time since last request: 1.159539 seconds.
  path: Assets/Sprites/flower icon button.png
  artifactKey: Guid(95e0f1066067d9946a6ed97d9ef5fec5) Importer(815301076,1909f56bfc062723c751e8b465ee728b)
Start importing Assets/Sprites/flower icon button.png using Guid(95e0f1066067d9946a6ed97d9ef5fec5) Importer(815301076,1909f56bfc062723c751e8b465ee728b) (PreviewImporter) -> (artifact id: '25692c2b97337f22cf4d60989a1cf3d1') in 0.3259916 seconds
Number of updated asset objects reloaded before import = 0Number of asset objects unloaded after import = 3

========================================================================
Received Import Request.
  Time since last request: 0.108685 seconds.
  path: Assets/Mapbox/Examples/Resources/maki/fuel-15.png
  artifactKey: Guid(1ec60ef03d932a643a4006ad13b12d9b) Importer(815301076,1909f56bfc062723c751e8b465ee728b)
Start importing Assets/Mapbox/Examples/Resources/maki/fuel-15.png using Guid(1ec60ef03d932a643a4006ad13b12d9b) Importer(815301076,1909f56bfc062723c751e8b465ee728b) (PreviewImporter) -> (artifact id: '5190a43351fc777a4eb4109bb550b013') in 0.0791638 seconds
Number of updated asset objects reloaded before import = 0Number of asset objects unloaded after import = 3

========================================================================
Received Import Request.
  Time since last request: 0.060019 seconds.
  path: Assets/LUTE/ThirdPartyAssets/LeanTween/Examples/Material/Futoro_PersonSprites.png
  artifactKey: Guid(1201c14bb4ee74d8e99e56dc4f3f4fd1) Importer(815301076,1909f56bfc062723c751e8b465ee728b)
Start importing Assets/LUTE/ThirdPartyAssets/LeanTween/Examples/Material/Futoro_PersonSprites.png using Guid(1201c14bb4ee74d8e99e56dc4f3f4fd1) Importer(815301076,1909f56bfc062723c751e8b465ee728b) (PreviewImporter) -> (artifact id: '1890251d62b52bed1ef877d77957b0a7') in 0.1189624 seconds
Number of updated asset objects reloaded before import = 0Number of asset objects unloaded after import = 6

========================================================================
Received Import Request.
  Time since last request: 0.169034 seconds.
  path: Assets/LUTE/ThirdPartyAssets/LeanTween/Examples/Material/Futuro_ButtonBack.psd
  artifactKey: Guid(b3abce7efa3854a4cb1dd6b47f553027) Importer(815301076,1909f56bfc062723c751e8b465ee728b)
Start importing Assets/LUTE/ThirdPartyAssets/LeanTween/Examples/Material/Futuro_ButtonBack.psd using Guid(b3abce7efa3854a4cb1dd6b47f553027) Importer(815301076,1909f56bfc062723c751e8b465ee728b) (PreviewImporter) -> (artifact id: '2f7622a73e4a4b0b4d63c61697f11c62') in 0.1728133 seconds
Number of updated asset objects reloaded before import = 0Number of asset objects unloaded after import = 3

========================================================================
Received Import Request.
  Time since last request: 0.044346 seconds.
  path: Assets/LUTE/ThirdPartyAssets/LeanTween/Examples/Material/Futuro_ButtonBackDark.psd
  artifactKey: Guid(b8aaa707027cc4f79af3439c5dbc9652) Importer(815301076,1909f56bfc062723c751e8b465ee728b)
Start importing Assets/LUTE/ThirdPartyAssets/LeanTween/Examples/Material/Futuro_ButtonBackDark.psd using Guid(b8aaa707027cc4f79af3439c5dbc9652) Importer(815301076,1909f56bfc062723c751e8b465ee728b) (PreviewImporter) -> (artifact id: '442bf21dbadd2848bc973bb44dffecc6') in 0.0561265 seconds
Number of updated asset objects reloaded before import = 0Number of asset objects unloaded after import = 3

========================================================================
Received Import Request.
  Time since last request: 0.230719 seconds.
  path: Assets/Mapbox/Examples/Resources/maki/gaming-15.png
  artifactKey: Guid(9c2229b19c45b1049a76c61a71fe8d10) Importer(815301076,1909f56bfc062723c751e8b465ee728b)
Start importing Assets/Mapbox/Examples/Resources/maki/gaming-15.png using Guid(9c2229b19c45b1049a76c61a71fe8d10) Importer(815301076,1909f56bfc062723c751e8b465ee728b) (PreviewImporter) -> (artifact id: '0f67479558aa55cfa97f56dbfc904b26') in 0.1661458 seconds
Number of updated asset objects reloaded before import = 0Number of asset objects unloaded after import = 3

========================================================================
Received Import Request.
  Time since last request: 0.201877 seconds.
  path: Assets/Mapbox/Examples/Resources/maki/gift-15.png
  artifactKey: Guid(c74f7947d1ae4e94687ce96d20f13911) Importer(815301076,1909f56bfc062723c751e8b465ee728b)
Start importing Assets/Mapbox/Examples/Resources/maki/gift-15.png using Guid(c74f7947d1ae4e94687ce96d20f13911) Importer(815301076,1909f56bfc062723c751e8b465ee728b) (PreviewImporter) -> (artifact id: '1380b7fcdb0c07fece213e2fe7962f26') in 0.5625332 seconds
Number of updated asset objects reloaded before import = 0Number of asset objects unloaded after import = 3

========================================================================
Received Import Request.
  Time since last request: 0.000022 seconds.
  path: Assets/LUTE_Starter Scenes/Sprites/CharacterHeads/Animals/Round without details/giraffe.png
  artifactKey: Guid(76ceb57a76c3ea9428a5650c05d36986) Importer(815301076,1909f56bfc062723c751e8b465ee728b)
Start importing Assets/LUTE_Starter Scenes/Sprites/CharacterHeads/Animals/Round without details/giraffe.png using Guid(76ceb57a76c3ea9428a5650c05d36986) Importer(815301076,1909f56bfc062723c751e8b465ee728b) (PreviewImporter) -> (artifact id: '9dda64bb79966db8cc72564664fc3aaf') in 0.2840733 seconds
Number of updated asset objects reloaded before import = 0Number of asset objects unloaded after import = 3

========================================================================
Received Import Request.
  Time since last request: 0.000021 seconds.
  path: Assets/LUTE_Starter Scenes/Sprites/CharacterHeads/Animals/Round without details (outline)/giraffe.png
  artifactKey: Guid(efe6901be0ab20f4cb9c5194c8661d9c) Importer(815301076,1909f56bfc062723c751e8b465ee728b)
Start importing Assets/LUTE_Starter Scenes/Sprites/CharacterHeads/Animals/Round without details (outline)/giraffe.png using Guid(efe6901be0ab20f4cb9c5194c8661d9c) Importer(815301076,1909f56bfc062723c751e8b465ee728b) (PreviewImporter) -> (artifact id: '0dffa096200174b07a7c6d4901c26bed') in 0.2114287 seconds
Number of updated asset objects reloaded before import = 0Number of asset objects unloaded after import = 3

========================================================================
Received Import Request.
  Time since last request: 0.000021 seconds.
  path: Assets/LUTE_Starter Scenes/Sprites/CharacterHeads/Animals/Square without details/giraffe.png
  artifactKey: Guid(e063d55ee0ca8b34081aae0f5a30204a) Importer(815301076,1909f56bfc062723c751e8b465ee728b)
Start importing Assets/LUTE_Starter Scenes/Sprites/CharacterHeads/Animals/Square without details/giraffe.png using Guid(e063d55ee0ca8b34081aae0f5a30204a) Importer(815301076,1909f56bfc062723c751e8b465ee728b) (PreviewImporter) -> (artifact id: '00fbd611890ae7a0e4b54f33329823cc') in 0.3064846 seconds
Number of updated asset objects reloaded before import = 0Number of asset objects unloaded after import = 3

========================================================================
Received Import Request.
  Time since last request: 0.097687 seconds.
  path: Assets/Mapbox/Examples/7_Globe/Screenshots/Globe.png
  artifactKey: Guid(31ea88f94a559415194f73d9ae78c4bb) Importer(815301076,1909f56bfc062723c751e8b465ee728b)
Start importing Assets/Mapbox/Examples/7_Globe/Screenshots/Globe.png using Guid(31ea88f94a559415194f73d9ae78c4bb) Importer(815301076,1909f56bfc062723c751e8b465ee728b) (PreviewImporter) -> (artifact id: '7239dc4f5a175a68577d6e7045251c95') in 0.016754 seconds
Number of updated asset objects reloaded before import = 0Number of asset objects unloaded after import = 3

========================================================================
Received Import Request.
  Time since last request: 0.137636 seconds.
  path: Assets/Mapbox/Examples/Resources/maki/golf-15.png
  artifactKey: Guid(044a933bd37f21548b2dc707d4295a88) Importer(815301076,1909f56bfc062723c751e8b465ee728b)
Start importing Assets/Mapbox/Examples/Resources/maki/golf-15.png using Guid(044a933bd37f21548b2dc707d4295a88) Importer(815301076,1909f56bfc062723c751e8b465ee728b) (PreviewImporter) -> (artifact id: '46a74099f7ffd91aa217291416106b62') in 0.071814 seconds
Number of updated asset objects reloaded before import = 0Number of asset objects unloaded after import = 3

========================================================================
Received Import Request.
  Time since last request: 0.132070 seconds.
  path: Assets/Mapbox/Examples/Resources/maki/hairdresser-15.png
  artifactKey: Guid(01409860606035441b711d6c87d7e181) Importer(815301076,1909f56bfc062723c751e8b465ee728b)
Start importing Assets/Mapbox/Examples/Resources/maki/hairdresser-15.png using Guid(01409860606035441b711d6c87d7e181) Importer(815301076,1909f56bfc062723c751e8b465ee728b) (PreviewImporter) -> (artifact id: 'b007174e7f8326d406e4c19bf09ab384') in 0.2260974 seconds
Number of updated asset objects reloaded before import = 0Number of asset objects unloaded after import = 3

========================================================================
Received Import Request.
  Time since last request: 0.000018 seconds.
  path: Assets/Mapbox/Examples/Resources/maki/heart-15.png
  artifactKey: Guid(818198d6da1f6d84db65f5dad172eeb4) Importer(815301076,1909f56bfc062723c751e8b465ee728b)
Start importing Assets/Mapbox/Examples/Resources/maki/heart-15.png using Guid(818198d6da1f6d84db65f5dad172eeb4) Importer(815301076,1909f56bfc062723c751e8b465ee728b) (PreviewImporter) -> (artifact id: 'f3fb13fae878351b4ef0c91daf9a6438') in 0.306576 seconds
Number of updated asset objects reloaded before import = 0Number of asset objects unloaded after import = 3

========================================================================
Received Import Request.
  Time since last request: 0.047049 seconds.
  path: Assets/LUTE_Starter Scenes/Sprites/CharacterHeads/Animals/Square/hippo.png
  artifactKey: Guid(ee7c5671788d6614788326fffa32ac03) Importer(815301076,1909f56bfc062723c751e8b465ee728b)
Start importing Assets/LUTE_Starter Scenes/Sprites/CharacterHeads/Animals/Square/hippo.png using Guid(ee7c5671788d6614788326fffa32ac03) Importer(815301076,1909f56bfc062723c751e8b465ee728b) (PreviewImporter) -> (artifact id: '1b919aa00e67d4903b801bb42f7734a9') in 0.8318381 seconds
Number of updated asset objects reloaded before import = 0Number of asset objects unloaded after import = 3

========================================================================
Received Import Request.
  Time since last request: 0.058398 seconds.
  path: Assets/LUTE_Starter Scenes/Sprites/CharacterHeads/Animals/Square without details (outline)/hippo.png
  artifactKey: Guid(68b70f920d4eebc4b957c38414c41bc6) Importer(815301076,1909f56bfc062723c751e8b465ee728b)
Start importing Assets/LUTE_Starter Scenes/Sprites/CharacterHeads/Animals/Square without details (outline)/hippo.png using Guid(68b70f920d4eebc4b957c38414c41bc6) Importer(815301076,1909f56bfc062723c751e8b465ee728b) (PreviewImporter) -> (artifact id: '9cfd0842436915afe45a9d5a8f30f88c') in 0.0390773 seconds
Number of updated asset objects reloaded before import = 0Number of asset objects unloaded after import = 3

========================================================================
Received Import Request.
  Time since last request: 0.039503 seconds.
  path: Assets/LUTE_Starter Scenes/Sprites/CharacterHeads/Animals/Round (outline)/hippo.png
  artifactKey: Guid(6defb8f441d247c42bf4627c22958b77) Importer(815301076,1909f56bfc062723c751e8b465ee728b)
Start importing Assets/LUTE_Starter Scenes/Sprites/CharacterHeads/Animals/Round (outline)/hippo.png using Guid(6defb8f441d247c42bf4627c22958b77) Importer(815301076,1909f56bfc062723c751e8b465ee728b) (PreviewImporter) -> (artifact id: '44e369e090557559880aeac1c53e0dea') in 0.0570352 seconds
Number of updated asset objects reloaded before import = 0Number of asset objects unloaded after import = 3

========================================================================
Received Import Request.
  Time since last request: 0.042083 seconds.
  path: Assets/LUTE_Starter Scenes/Sprites/CharacterHeads/Animals/Square (outline)/hippo.png
  artifactKey: Guid(1e63132055146144a8b582185fcd731f) Importer(815301076,1909f56bfc062723c751e8b465ee728b)
Start importing Assets/LUTE_Starter Scenes/Sprites/CharacterHeads/Animals/Square (outline)/hippo.png using Guid(1e63132055146144a8b582185fcd731f) Importer(815301076,1909f56bfc062723c751e8b465ee728b) (PreviewImporter) -> (artifact id: '4c5a96033df07de60d5a687710fd5876') in 0.0193194 seconds
Number of updated asset objects reloaded before import = 0Number of asset objects unloaded after import = 3

========================================================================
Received Import Request.
  Time since last request: 0.193900 seconds.
  path: Assets/LUTE_Starter Scenes/Sprites/CharacterHeads/Animals/Square without details/hippo.png
  artifactKey: Guid(8ccc29c2a8bcb6d43950ee83fcb52cb9) Importer(815301076,1909f56bfc062723c751e8b465ee728b)
Start importing Assets/LUTE_Starter Scenes/Sprites/CharacterHeads/Animals/Square without details/hippo.png using Guid(8ccc29c2a8bcb6d43950ee83fcb52cb9) Importer(815301076,1909f56bfc062723c751e8b465ee728b) (PreviewImporter) -> (artifact id: '60ef9540fe3b8f0516e13d2d3032a602') in 0.1878407 seconds
Number of updated asset objects reloaded before import = 0Number of asset objects unloaded after import = 3

========================================================================
Received Import Request.
  Time since last request: 1.466288 seconds.
  path: Assets/LUTE/ThirdPartyAssets/Feel/FeelDemos/Snake/Sprites/FeelSnakeDots.png
  artifactKey: Guid(abb24727399ff0840aea198a236353b4) Importer(815301076,1909f56bfc062723c751e8b465ee728b)
Start importing Assets/LUTE/ThirdPartyAssets/Feel/FeelDemos/Snake/Sprites/FeelSnakeDots.png using Guid(abb24727399ff0840aea198a236353b4) Importer(815301076,1909f56bfc062723c751e8b465ee728b) (PreviewImporter) -> (artifact id: 'bb3a290c079162be085f6d0eefcff039') in 0.1439466 seconds
Number of updated asset objects reloaded before import = 0Number of asset objects unloaded after import = 3

========================================================================
Received Import Request.
  Time since last request: 0.078058 seconds.
  path: Assets/LUTE/ThirdPartyAssets/Feel/FeelDemos/CardsUI/Textures/Art/FeelSquareLightningAnimation.png
  artifactKey: Guid(c2179e6fbe7826d4d8579a80747d3f5b) Importer(815301076,1909f56bfc062723c751e8b465ee728b)
Start importing Assets/LUTE/ThirdPartyAssets/Feel/FeelDemos/CardsUI/Textures/Art/FeelSquareLightningAnimation.png using Guid(c2179e6fbe7826d4d8579a80747d3f5b) Importer(815301076,1909f56bfc062723c751e8b465ee728b) (PreviewImporter) -> (artifact id: 'dc4140fae41bd5e8f484b554aeeaa625') in 0.46984 seconds
Number of updated asset objects reloaded before import = 0Number of asset objects unloaded after import = 3

========================================================================
Received Import Request.
  Time since last request: 0.050750 seconds.
  path: Assets/LUTE/ThirdPartyAssets/Feel/FeelDemos/Toaster/Textures/FeelToasterSwitchBackground.png
  artifactKey: Guid(cbf580e20161a1648a8eaf3a407611f6) Importer(815301076,1909f56bfc062723c751e8b465ee728b)
Start importing Assets/LUTE/ThirdPartyAssets/Feel/FeelDemos/Toaster/Textures/FeelToasterSwitchBackground.png using Guid(cbf580e20161a1648a8eaf3a407611f6) Importer(815301076,1909f56bfc062723c751e8b465ee728b) (PreviewImporter) -> (artifact id: 'e678fcdbb7a883b2b248513a5c76345f') in 0.1245825 seconds
Number of updated asset objects reloaded before import = 0Number of asset objects unloaded after import = 3

========================================================================
Received Import Request.
  Time since last request: 0.027914 seconds.
  path: Assets/LUTE/ThirdPartyAssets/Feel/FeelDemos/Toaster/Textures/FeelToasterSwitchKnob.png
  artifactKey: Guid(ae95cb7fcab73574c9bc98f66c7aeca5) Importer(815301076,1909f56bfc062723c751e8b465ee728b)
Start importing Assets/LUTE/ThirdPartyAssets/Feel/FeelDemos/Toaster/Textures/FeelToasterSwitchKnob.png using Guid(ae95cb7fcab73574c9bc98f66c7aeca5) Importer(815301076,1909f56bfc062723c751e8b465ee728b) (PreviewImporter) -> (artifact id: '1e14560ca2f5e608e39dcdacdc215f49') in 0.0210379 seconds
Number of updated asset objects reloaded before import = 0Number of asset objects unloaded after import = 3

========================================================================
Received Import Request.
  Time since last request: 0.103999 seconds.
  path: Assets/Mapbox/Examples/Resources/maki/fire-station-15.png
  artifactKey: Guid(8a59d8df8265d594899cdd8315585374) Importer(815301076,1909f56bfc062723c751e8b465ee728b)
Start importing Assets/Mapbox/Examples/Resources/maki/fire-station-15.png using Guid(8a59d8df8265d594899cdd8315585374) Importer(815301076,1909f56bfc062723c751e8b465ee728b) (PreviewImporter) -> (artifact id: '05899af24f34c7de4863f41393729582') in 0.0173978 seconds
Number of updated asset objects reloaded before import = 0Number of asset objects unloaded after import = 3

========================================================================
Received Import Request.
  Time since last request: 0.047738 seconds.
  path: Assets/LUTE_Starter Scenes/Scenes/Games/DesignerCreated/Testing/AlbertoDemo/Prefabs/Diff_TempleAvebury_back.png
  artifactKey: Guid(acf08d4071a17944eb244dd57cb3dc1b) Importer(815301076,1909f56bfc062723c751e8b465ee728b)
Start importing Assets/LUTE_Starter Scenes/Scenes/Games/DesignerCreated/Testing/AlbertoDemo/Prefabs/Diff_TempleAvebury_back.png using Guid(acf08d4071a17944eb244dd57cb3dc1b) Importer(815301076,1909f56bfc062723c751e8b465ee728b) (PreviewImporter) -> (artifact id: 'f48efec1f29143c0aefaff6ad8f3cf2f') in 0.2169133 seconds
Number of updated asset objects reloaded before import = 0Number of asset objects unloaded after import = 3

========================================================================
Received Import Request.
  Time since last request: 0.175747 seconds.
  path: Assets/Mapbox/Examples/Resources/maki/dog-park-15.png
  artifactKey: Guid(3e53e851d8f2bda42af8f59b9a3a0a99) Importer(815301076,1909f56bfc062723c751e8b465ee728b)
Start importing Assets/Mapbox/Examples/Resources/maki/dog-park-15.png using Guid(3e53e851d8f2bda42af8f59b9a3a0a99) Importer(815301076,1909f56bfc062723c751e8b465ee728b) (PreviewImporter) -> (artifact id: '495be256d37a627091f1948860953c98') in 0.2559089 seconds
Number of updated asset objects reloaded before import = 0Number of asset objects unloaded after import = 3

========================================================================
Received Import Request.
  Time since last request: 0.030364 seconds.
  path: Assets/LUTE/EditorResources/Textures/dottedBox.png
  artifactKey: Guid(dd4ad4fbc844a8e428e7d61750921f76) Importer(815301076,1909f56bfc062723c751e8b465ee728b)
Start importing Assets/LUTE/EditorResources/Textures/dottedBox.png using Guid(dd4ad4fbc844a8e428e7d61750921f76) Importer(815301076,1909f56bfc062723c751e8b465ee728b) (PreviewImporter) -> (artifact id: '04b979ba22eac294a45246931dd0d840') in 0.5101495 seconds
Number of updated asset objects reloaded before import = 0Number of asset objects unloaded after import = 3

========================================================================
Received Import Request.
  Time since last request: 0.000021 seconds.
  path: Assets/Mapbox/Examples/Resources/maki/drinking-water-15.png
  artifactKey: Guid(65e57bb4e4f224f4ca94062b5b177b9c) Importer(815301076,1909f56bfc062723c751e8b465ee728b)
Start importing Assets/Mapbox/Examples/Resources/maki/drinking-water-15.png using Guid(65e57bb4e4f224f4ca94062b5b177b9c) Importer(815301076,1909f56bfc062723c751e8b465ee728b) (PreviewImporter) -> (artifact id: '77d8b6a58b65d0d88b5f7f454356a317') in 0.2054323 seconds
Number of updated asset objects reloaded before import = 0Number of asset objects unloaded after import = 3

========================================================================
Received Import Request.
  Time since last request: 0.061894 seconds.
  path: Assets/LUTE/EditorResources/Icons/duplicate.png
  artifactKey: Guid(19d7b8b8f921b34458beabfca0ea43ea) Importer(815301076,1909f56bfc062723c751e8b465ee728b)
Start importing Assets/LUTE/EditorResources/Icons/duplicate.png using Guid(19d7b8b8f921b34458beabfca0ea43ea) Importer(815301076,1909f56bfc062723c751e8b465ee728b) (PreviewImporter) -> (artifact id: 'cff5715816d6e0b91aa9f14bcd6948fc') in 0.048646 seconds
Number of updated asset objects reloaded before import = 0Number of asset objects unloaded after import = 3

========================================================================
Received Import Request.
  Time since last request: 0.031845 seconds.
  path: Assets/LUTE/ThirdPartyAssets/Feel/FeelDemos/Wheel/Animation/FeelWheelDust.png
  artifactKey: Guid(bad6c0f0bf6c3aa4690d400a757fa284) Importer(815301076,1909f56bfc062723c751e8b465ee728b)
Start importing Assets/LUTE/ThirdPartyAssets/Feel/FeelDemos/Wheel/Animation/FeelWheelDust.png using Guid(bad6c0f0bf6c3aa4690d400a757fa284) Importer(815301076,1909f56bfc062723c751e8b465ee728b) (PreviewImporter) -> (artifact id: '568d894fdd17c31a3399848f6030b612') in 0.3595283 seconds
Number of updated asset objects reloaded before import = 0Number of asset objects unloaded after import = 27

========================================================================
Received Import Request.
  Time since last request: 2.724890 seconds.
  path: Assets/LUTE/ThirdPartyAssets/LeanTween/Examples/Textures/DustCloud.png
  artifactKey: Guid(c4c548a339b4d41a590928c0c98934a7) Importer(815301076,1909f56bfc062723c751e8b465ee728b)
Start importing Assets/LUTE/ThirdPartyAssets/LeanTween/Examples/Textures/DustCloud.png using Guid(c4c548a339b4d41a590928c0c98934a7) Importer(815301076,1909f56bfc062723c751e8b465ee728b) (PreviewImporter) -> (artifact id: '5ed074ab4c2aac0fb3cea6b0ac31f0c6') in 0.0222865 seconds
Number of updated asset objects reloaded before import = 0Number of asset objects unloaded after import = 3

========================================================================
Received Import Request.
  Time since last request: 0.038909 seconds.
  path: Assets/LUTE_Starter Scenes/Sprites/CharacterHeads/Animals/Square without details/elephant.png
  artifactKey: Guid(b0165ba596ccff043ade044a146b352e) Importer(815301076,1909f56bfc062723c751e8b465ee728b)
Start importing Assets/LUTE_Starter Scenes/Sprites/CharacterHeads/Animals/Square without details/elephant.png using Guid(b0165ba596ccff043ade044a146b352e) Importer(815301076,1909f56bfc062723c751e8b465ee728b) (PreviewImporter) -> (artifact id: '59bbdbd53a477e73378ee6b042c0821e') in 0.0500329 seconds
Number of updated asset objects reloaded before import = 0Number of asset objects unloaded after import = 3

========================================================================
Received Import Request.
  Time since last request: 0.102249 seconds.
  path: Assets/LUTE_Starter Scenes/Sprites/CharacterHeads/Animals/Square/elephant.png
  artifactKey: Guid(83251d49130c9664abfae16857abd83f) Importer(815301076,1909f56bfc062723c751e8b465ee728b)
Start importing Assets/LUTE_Starter Scenes/Sprites/CharacterHeads/Animals/Square/elephant.png using Guid(83251d49130c9664abfae16857abd83f) Importer(815301076,1909f56bfc062723c751e8b465ee728b) (PreviewImporter) -> (artifact id: '271b01b06869e13c9e35170b32433493') in 0.1646648 seconds
Number of updated asset objects reloaded before import = 0Number of asset objects unloaded after import = 3

========================================================================
Received Import Request.
  Time since last request: 0.070376 seconds.
  path: Assets/LUTE_Starter Scenes/Sprites/CharacterHeads/Animals/Round/elephant.png
  artifactKey: Guid(ca005e5c0784a194bbbb435b940b27a9) Importer(815301076,1909f56bfc062723c751e8b465ee728b)
Start importing Assets/LUTE_Starter Scenes/Sprites/CharacterHeads/Animals/Round/elephant.png using Guid(ca005e5c0784a194bbbb435b940b27a9) Importer(815301076,1909f56bfc062723c751e8b465ee728b) (PreviewImporter) -> (artifact id: '260829ced28f280b3a05c9336e809299') in 0.3284748 seconds
Number of updated asset objects reloaded before import = 0Number of asset objects unloaded after import = 3

========================================================================
Received Import Request.
  Time since last request: 0.000018 seconds.
  path: Assets/Mapbox/Examples/Resources/maki/embassy-15.png
  artifactKey: Guid(5836ba1dfecd1c94c9c38deb12e9860a) Importer(815301076,1909f56bfc062723c751e8b465ee728b)
Start importing Assets/Mapbox/Examples/Resources/maki/embassy-15.png using Guid(5836ba1dfecd1c94c9c38deb12e9860a) Importer(815301076,1909f56bfc062723c751e8b465ee728b) (PreviewImporter) -> (artifact id: '3552e78740b14d4ca32280c814b1f5aa') in 0.1056342 seconds
Number of updated asset objects reloaded before import = 0Number of asset objects unloaded after import = 3

========================================================================
Received Import Request.
  Time since last request: 0.111248 seconds.
  path: Assets/LUTE/EditorResources/Textures/event_node_on.png
  artifactKey: Guid(0636a246ac7bbc941ac909792c2fc5d9) Importer(815301076,1909f56bfc062723c751e8b465ee728b)
Start importing Assets/LUTE/EditorResources/Textures/event_node_on.png using Guid(0636a246ac7bbc941ac909792c2fc5d9) Importer(815301076,1909f56bfc062723c751e8b465ee728b) (PreviewImporter) -> (artifact id: 'def4cb3bfd9e40d676d2a8db6720c0bc') in 0.0144373 seconds
Number of updated asset objects reloaded before import = 0Number of asset objects unloaded after import = 3

========================================================================
Received Import Request.
  Time since last request: 0.145775 seconds.
  path: Assets/LUTE/ThirdPartyAssets/Feel/MMFeedbacks/Demos/MMFeedbacksDemo/Textures/FeedbacksDemo1px.png
  artifactKey: Guid(a9fd44c7daf773c489b86519d261b198) Importer(815301076,1909f56bfc062723c751e8b465ee728b)
Start importing Assets/LUTE/ThirdPartyAssets/Feel/MMFeedbacks/Demos/MMFeedbacksDemo/Textures/FeedbacksDemo1px.png using Guid(a9fd44c7daf773c489b86519d261b198) Importer(815301076,1909f56bfc062723c751e8b465ee728b) (PreviewImporter) -> (artifact id: '07dd1e2b79e9291eac338adf813ab37a') in 0.123229 seconds
Number of updated asset objects reloaded before import = 0Number of asset objects unloaded after import = 3

========================================================================
Received Import Request.
  Time since last request: 0.000019 seconds.
  path: Assets/LUTE/ThirdPartyAssets/Feel/MMFeedbacks/Editor/Resources/FeelArrowUp.png
  artifactKey: Guid(87529e0fd28c3774fa086315a42b1860) Importer(815301076,1909f56bfc062723c751e8b465ee728b)
Start importing Assets/LUTE/ThirdPartyAssets/Feel/MMFeedbacks/Editor/Resources/FeelArrowUp.png using Guid(87529e0fd28c3774fa086315a42b1860) Importer(815301076,1909f56bfc062723c751e8b465ee728b) (PreviewImporter) -> (artifact id: 'ff1dd3a8c09e23d5bd06cdd4965a9c61') in 0.3002927 seconds
Number of updated asset objects reloaded before import = 0Number of asset objects unloaded after import = 3

========================================================================
Received Import Request.
  Time since last request: 0.102423 seconds.
  path: Assets/LUTE/ThirdPartyAssets/Feel/FeelDemos/Blob/Textures/FeelBlobGodRays2.png
  artifactKey: Guid(ab3c86ab680f9dd47949652cffcfec61) Importer(815301076,1909f56bfc062723c751e8b465ee728b)
Start importing Assets/LUTE/ThirdPartyAssets/Feel/FeelDemos/Blob/Textures/FeelBlobGodRays2.png using Guid(ab3c86ab680f9dd47949652cffcfec61) Importer(815301076,1909f56bfc062723c751e8b465ee728b) (PreviewImporter) -> (artifact id: 'cf4cbb41666a1f59191e81e7ba78ccfc') in 0.0703902 seconds
Number of updated asset objects reloaded before import = 0Number of asset objects unloaded after import = 3

========================================================================
Received Import Request.
  Time since last request: 0.087432 seconds.
  path: Assets/LUTE/ThirdPartyAssets/Feel/FeelDemos/CardsUI/Textures/Art/FeelCardsLightningAnimation.png
  artifactKey: Guid(4cc4da3ff37cefa4fb35fee71af1bf92) Importer(815301076,1909f56bfc062723c751e8b465ee728b)
Start importing Assets/LUTE/ThirdPartyAssets/Feel/FeelDemos/CardsUI/Textures/Art/FeelCardsLightningAnimation.png using Guid(4cc4da3ff37cefa4fb35fee71af1bf92) Importer(815301076,1909f56bfc062723c751e8b465ee728b) (PreviewImporter) -> (artifact id: '0277a2c223174e38cb808c8244be21f6') in 0.1209562 seconds
Number of updated asset objects reloaded before import = 0Number of asset objects unloaded after import = 3

========================================================================
Received Import Request.
  Time since last request: 0.111104 seconds.
  path: Assets/LUTE/ThirdPartyAssets/Feel/FeelDemos/CardsUI/Textures/UI/FeelCardsUI_Inset.png
  artifactKey: Guid(e1ea7ea8044564f4b820efff731ef582) Importer(815301076,1909f56bfc062723c751e8b465ee728b)
Start importing Assets/LUTE/ThirdPartyAssets/Feel/FeelDemos/CardsUI/Textures/UI/FeelCardsUI_Inset.png using Guid(e1ea7ea8044564f4b820efff731ef582) Importer(815301076,1909f56bfc062723c751e8b465ee728b) (PreviewImporter) -> (artifact id: '6cf71e2f233221ff30a2d0c55fb102b8') in 0.0506037 seconds
Number of updated asset objects reloaded before import = 0Number of asset objects unloaded after import = 3

========================================================================
Received Import Request.
  Time since last request: 0.039488 seconds.
  path: Assets/LUTE/ThirdPartyAssets/Feel/FeelDemos/CardsUI/Textures/UI/FeelCardsUI_Logo.png
  artifactKey: Guid(71fff35680535d84687f758927583d82) Importer(815301076,1909f56bfc062723c751e8b465ee728b)
Start importing Assets/LUTE/ThirdPartyAssets/Feel/FeelDemos/CardsUI/Textures/UI/FeelCardsUI_Logo.png using Guid(71fff35680535d84687f758927583d82) Importer(815301076,1909f56bfc062723c751e8b465ee728b) (PreviewImporter) -> (artifact id: '60b7c0637af25d91b66e3369ae8eab51') in 0.2080816 seconds
Number of updated asset objects reloaded before import = 0Number of asset objects unloaded after import = 3

========================================================================
Received Import Request.
  Time since last request: 0.081616 seconds.
  path: Assets/LUTE/ThirdPartyAssets/Feel/FeelDemos/CardsUI/Textures/Art/FeelCardsUI_Stormeye.png
  artifactKey: Guid(eb5037930d3bbe143a8a570722950901) Importer(815301076,1909f56bfc062723c751e8b465ee728b)
Start importing Assets/LUTE/ThirdPartyAssets/Feel/FeelDemos/CardsUI/Textures/Art/FeelCardsUI_Stormeye.png using Guid(eb5037930d3bbe143a8a570722950901) Importer(815301076,1909f56bfc062723c751e8b465ee728b) (PreviewImporter) -> (artifact id: '08e95bbccdc5ae83258ec0bed12e66d1') in 0.1689255 seconds
Number of updated asset objects reloaded before import = 0Number of asset objects unloaded after import = 3

========================================================================
Received Import Request.
  Time since last request: 1.473537 seconds.
  path: Assets/LUTE/ThirdPartyAssets/Feel/FeelDemos/Duck/Sprites/FeelDuckBackground.png
  artifactKey: Guid(7307a36212ef9734897aaaca7fa0bcce) Importer(815301076,1909f56bfc062723c751e8b465ee728b)
Start importing Assets/LUTE/ThirdPartyAssets/Feel/FeelDemos/Duck/Sprites/FeelDuckBackground.png using Guid(7307a36212ef9734897aaaca7fa0bcce) Importer(815301076,1909f56bfc062723c751e8b465ee728b) (PreviewImporter) -> (artifact id: 'ab16abe6730b957f8b42dd3ba4fc6469') in 0.1385476 seconds
Number of updated asset objects reloaded before import = 0Number of asset objects unloaded after import = 3

========================================================================
Received Import Request.
  Time since last request: 0.056230 seconds.
  path: Assets/LUTE/ThirdPartyAssets/Feel/FeelDemos/Duck/Sprites/FeelDuckShadow.png
  artifactKey: Guid(9ce434ac86a021e418c3060399e7abdd) Importer(815301076,1909f56bfc062723c751e8b465ee728b)
Start importing Assets/LUTE/ThirdPartyAssets/Feel/FeelDemos/Duck/Sprites/FeelDuckShadow.png using Guid(9ce434ac86a021e418c3060399e7abdd) Importer(815301076,1909f56bfc062723c751e8b465ee728b) (PreviewImporter) -> (artifact id: '46801e764bce2214bac977b64ec95890') in 0.0594571 seconds
Number of updated asset objects reloaded before import = 0Number of asset objects unloaded after import = 19

========================================================================
Received Import Request.
  Time since last request: 1.221567 seconds.
  path: Assets/LUTE/ThirdPartyAssets/Feel/FeelDemos/Duck/Sprites/FeelDuckSmoke.png
  artifactKey: Guid(81e4191bebbffee49a87679d87cdc04e) Importer(815301076,1909f56bfc062723c751e8b465ee728b)
Start importing Assets/LUTE/ThirdPartyAssets/Feel/FeelDemos/Duck/Sprites/FeelDuckSmoke.png using Guid(81e4191bebbffee49a87679d87cdc04e) Importer(815301076,1909f56bfc062723c751e8b465ee728b) (PreviewImporter) -> (artifact id: 'c0d036497db44f5dcd122dd42646f338') in 0.2294723 seconds
Number of updated asset objects reloaded before import = 0Number of asset objects unloaded after import = 59

========================================================================
Received Import Request.
  Time since last request: 3.209824 seconds.
  path: Assets/LUTE/ThirdPartyAssets/Feel/FeelDemos/Duck/Sprites/FeelDuckUI.png
  artifactKey: Guid(5cd9c308422e52a47b746cd9c2c3ba13) Importer(815301076,1909f56bfc062723c751e8b465ee728b)
Start importing Assets/LUTE/ThirdPartyAssets/Feel/FeelDemos/Duck/Sprites/FeelDuckUI.png using Guid(5cd9c308422e52a47b746cd9c2c3ba13) Importer(815301076,1909f56bfc062723c751e8b465ee728b) (PreviewImporter) -> (artifact id: 'cf8d58e06be68a821f0329761b642fdc') in 0.1125157 seconds
Number of updated asset objects reloaded before import = 0Number of asset objects unloaded after import = 4

========================================================================
Received Import Request.
  Time since last request: 0.083559 seconds.
  path: Assets/LUTE/ThirdPartyAssets/Feel/FeelDemos/Letters/Sprites/FeelLettersDemoE1.png
  artifactKey: Guid(a4ea8836a3500f14296c643a46b5eeaa) Importer(815301076,1909f56bfc062723c751e8b465ee728b)
Start importing Assets/LUTE/ThirdPartyAssets/Feel/FeelDemos/Letters/Sprites/FeelLettersDemoE1.png using Guid(a4ea8836a3500f14296c643a46b5eeaa) Importer(815301076,1909f56bfc062723c751e8b465ee728b) (PreviewImporter) -> (artifact id: '7e87a9c0bff1ac7ebfc9beb3ba5f650c') in 0.1260777 seconds
Number of updated asset objects reloaded before import = 0Number of asset objects unloaded after import = 3

========================================================================
Received Import Request.
  Time since last request: 0.028630 seconds.
  path: Assets/LUTE/ThirdPartyAssets/Feel/FeelDemos/Letters/Sprites/FeelLettersDemoE2.png
  artifactKey: Guid(7fae6cb1e0ec9ab4dabf73686e5f0aa1) Importer(815301076,1909f56bfc062723c751e8b465ee728b)
Start importing Assets/LUTE/ThirdPartyAssets/Feel/FeelDemos/Letters/Sprites/FeelLettersDemoE2.png using Guid(7fae6cb1e0ec9ab4dabf73686e5f0aa1) Importer(815301076,1909f56bfc062723c751e8b465ee728b) (PreviewImporter) -> (artifact id: 'cc868d953f7f62cc7b5316390f477d22') in 0.2667302 seconds
Number of updated asset objects reloaded before import = 0Number of asset objects unloaded after import = 3

========================================================================
Received Import Request.
  Time since last request: 0.121220 seconds.
  path: Assets/LUTE/ThirdPartyAssets/Feel/FeelDemos/Letters/Sprites/FeelLettersDemoF.png
  artifactKey: Guid(511631c7a28707b48a1b5b9daa425951) Importer(815301076,1909f56bfc062723c751e8b465ee728b)
Start importing Assets/LUTE/ThirdPartyAssets/Feel/FeelDemos/Letters/Sprites/FeelLettersDemoF.png using Guid(511631c7a28707b48a1b5b9daa425951) Importer(815301076,1909f56bfc062723c751e8b465ee728b) (PreviewImporter) -> (artifact id: 'f044f21cc3dcd56eb6d1743563bf7fff') in 0.0544398 seconds
Number of updated asset objects reloaded before import = 0Number of asset objects unloaded after import = 3

========================================================================
Received Import Request.
  Time since last request: 0.083884 seconds.
  path: Assets/LUTE/ThirdPartyAssets/Feel/FeelDemos/Letters/Sprites/FeelLettersDemoL.png
  artifactKey: Guid(0033691af0cecc64f87058510cb435e4) Importer(815301076,1909f56bfc062723c751e8b465ee728b)
Start importing Assets/LUTE/ThirdPartyAssets/Feel/FeelDemos/Letters/Sprites/FeelLettersDemoL.png using Guid(0033691af0cecc64f87058510cb435e4) Importer(815301076,1909f56bfc062723c751e8b465ee728b) (PreviewImporter) -> (artifact id: '7be8e2f52fb21d086566cd4d503a43c2') in 0.4011849 seconds
Number of updated asset objects reloaded before import = 0Number of asset objects unloaded after import = 3

========================================================================
Received Import Request.
  Time since last request: 0.073283 seconds.
  path: Assets/LUTE/ThirdPartyAssets/Feel/FeelDemos/Letters/Sprites/FeelLettersDemoMouth5.png
  artifactKey: Guid(8f0724b5b6f9cbe48a7e06c43a2d2b5a) Importer(815301076,1909f56bfc062723c751e8b465ee728b)
Start importing Assets/LUTE/ThirdPartyAssets/Feel/FeelDemos/Letters/Sprites/FeelLettersDemoMouth5.png using Guid(8f0724b5b6f9cbe48a7e06c43a2d2b5a) Importer(815301076,1909f56bfc062723c751e8b465ee728b) (PreviewImporter) -> (artifact id: '11dc8f5e4c5cf40b36ad4147a5aee10a') in 0.082176 seconds
Number of updated asset objects reloaded before import = 0Number of asset objects unloaded after import = 3

========================================================================
Received Import Request.
  Time since last request: 0.055737 seconds.
  path: Assets/LUTE/ThirdPartyAssets/Feel/FeelDemos/Letters/Sprites/FeelLettersDemoMouth6.png
  artifactKey: Guid(c35fe602e21b38542ba33e1db2731a5f) Importer(815301076,1909f56bfc062723c751e8b465ee728b)
Start importing Assets/LUTE/ThirdPartyAssets/Feel/FeelDemos/Letters/Sprites/FeelLettersDemoMouth6.png using Guid(c35fe602e21b38542ba33e1db2731a5f) Importer(815301076,1909f56bfc062723c751e8b465ee728b) (PreviewImporter) -> (artifact id: 'f5ed8ceb4f80d07897a6871e4c8d4a5b') in 0.0135945 seconds
Number of updated asset objects reloaded before import = 0Number of asset objects unloaded after import = 3

========================================================================
Received Import Request.
  Time since last request: 0.231631 seconds.
  path: Assets/LUTE/ThirdPartyAssets/Feel/FeelDemos/Letters/Sprites/FeelLettersDemoMouth8.png
  artifactKey: Guid(5600988dca3baa14ab4b4b89f00f879e) Importer(815301076,1909f56bfc062723c751e8b465ee728b)
Start importing Assets/LUTE/ThirdPartyAssets/Feel/FeelDemos/Letters/Sprites/FeelLettersDemoMouth8.png using Guid(5600988dca3baa14ab4b4b89f00f879e) Importer(815301076,1909f56bfc062723c751e8b465ee728b) (PreviewImporter) -> (artifact id: '99f37aa3724a5f6d27218eac5139a92f') in 0.1014215 seconds
Number of updated asset objects reloaded before import = 0Number of asset objects unloaded after import = 3

========================================================================
Received Import Request.
  Time since last request: 0.029184 seconds.
  path: Assets/LUTE/ThirdPartyAssets/Feel/FeelDemos/Letters/Sprites/FeelLettersDemoSing.png
  artifactKey: Guid(4feff79cdc04e1145884512f088bdfde) Importer(815301076,1909f56bfc062723c751e8b465ee728b)
Start importing Assets/LUTE/ThirdPartyAssets/Feel/FeelDemos/Letters/Sprites/FeelLettersDemoSing.png using Guid(4feff79cdc04e1145884512f088bdfde) Importer(815301076,1909f56bfc062723c751e8b465ee728b) (PreviewImporter) -> (artifact id: 'd5d9871de51c2b6bcee0b2caebe484cf') in 0.0186492 seconds
Number of updated asset objects reloaded before import = 0Number of asset objects unloaded after import = 3

========================================================================
Received Import Request.
  Time since last request: 0.006722 seconds.
  path: Assets/LUTE/ThirdPartyAssets/Feel/FeelDemos/Letters/Sprites/FeelLettersDemoSpark.png
  artifactKey: Guid(544caa0353497f24faed28c569d18fe4) Importer(815301076,1909f56bfc062723c751e8b465ee728b)
Start importing Assets/LUTE/ThirdPartyAssets/Feel/FeelDemos/Letters/Sprites/FeelLettersDemoSpark.png using Guid(544caa0353497f24faed28c569d18fe4) Importer(815301076,1909f56bfc062723c751e8b465ee728b) (PreviewImporter) -> (artifact id: '3b15a31de18ac1a2ba123d598ca861fe') in 0.0173144 seconds
Number of updated asset objects reloaded before import = 0Number of asset objects unloaded after import = 3

========================================================================
Received Import Request.
  Time since last request: 0.287602 seconds.
  path: Assets/LUTE/ThirdPartyAssets/Feel/FeelDemos/Letters/Sprites/FeelLettersDemoWind.png
  artifactKey: Guid(b71d66e1b0c0c474fb9f1cf92d3e9e9e) Importer(815301076,1909f56bfc062723c751e8b465ee728b)
Start importing Assets/LUTE/ThirdPartyAssets/Feel/FeelDemos/Letters/Sprites/FeelLettersDemoWind.png using Guid(b71d66e1b0c0c474fb9f1cf92d3e9e9e) Importer(815301076,1909f56bfc062723c751e8b465ee728b) (PreviewImporter) -> (artifact id: '4185c8563ad8cc058af6a1ddaca5328a') in 0.3163238 seconds
Number of updated asset objects reloaded before import = 0Number of asset objects unloaded after import = 3

========================================================================
Received Import Request.
  Time since last request: 0.131551 seconds.
  path: Assets/LUTE/ThirdPartyAssets/Feel/FeelDemos/ParallaxUI/Sprites/FeelParallaxUICar.png
  artifactKey: Guid(2a5aae9320faa844fb00f0ae30c4e98b) Importer(815301076,1909f56bfc062723c751e8b465ee728b)
Start importing Assets/LUTE/ThirdPartyAssets/Feel/FeelDemos/ParallaxUI/Sprites/FeelParallaxUICar.png using Guid(2a5aae9320faa844fb00f0ae30c4e98b) Importer(815301076,1909f56bfc062723c751e8b465ee728b) (PreviewImporter) -> (artifact id: '28bd08573da0438ca8a251d18401137a') in 0.3061449 seconds
Number of updated asset objects reloaded before import = 0Number of asset objects unloaded after import = 3

========================================================================
Received Import Request.
  Time since last request: 0.081029 seconds.
  path: Assets/LUTE/ThirdPartyAssets/Feel/FeelDemos/ParallaxUI/Sprites/FeelParallaxUISnow1.png
  artifactKey: Guid(b2e4685f398547d47bda4bfc63eb8c28) Importer(815301076,1909f56bfc062723c751e8b465ee728b)
Start importing Assets/LUTE/ThirdPartyAssets/Feel/FeelDemos/ParallaxUI/Sprites/FeelParallaxUISnow1.png using Guid(b2e4685f398547d47bda4bfc63eb8c28) Importer(815301076,1909f56bfc062723c751e8b465ee728b) (PreviewImporter) -> (artifact id: '275eb0a3599c144deb98b032b500057b') in 0.0167132 seconds
Number of updated asset objects reloaded before import = 0Number of asset objects unloaded after import = 3

========================================================================
Received Import Request.
  Time since last request: 0.268610 seconds.
  path: Assets/LUTE/ThirdPartyAssets/Feel/FeelDemos/ParallaxUI/Sprites/FeelParallaxUISnow2.png
  artifactKey: Guid(0d638d1d0bd5acb4094aec795e12958f) Importer(815301076,1909f56bfc062723c751e8b465ee728b)
Start importing Assets/LUTE/ThirdPartyAssets/Feel/FeelDemos/ParallaxUI/Sprites/FeelParallaxUISnow2.png using Guid(0d638d1d0bd5acb4094aec795e12958f) Importer(815301076,1909f56bfc062723c751e8b465ee728b) (PreviewImporter) -> (artifact id: '5eb6b5969ec3eec377e7ee1133a12498') in 0.0167271 seconds
Number of updated asset objects reloaded before import = 0Number of asset objects unloaded after import = 3

========================================================================
Received Import Request.
  Time since last request: 0.065936 seconds.
  path: Assets/LUTE/ThirdPartyAssets/Feel/FeelDemos/ParallaxUI/Sprites/FeelParallaxUITrees1.png
  artifactKey: Guid(bb58b8bcb7b484d409214ea4d9a262a4) Importer(815301076,1909f56bfc062723c751e8b465ee728b)
Start importing Assets/LUTE/ThirdPartyAssets/Feel/FeelDemos/ParallaxUI/Sprites/FeelParallaxUITrees1.png using Guid(bb58b8bcb7b484d409214ea4d9a262a4) Importer(815301076,1909f56bfc062723c751e8b465ee728b) (PreviewImporter) -> (artifact id: '8e8aa84d3b29f5d6a42ea71c26149409') in 0.0238522 seconds
Number of updated asset objects reloaded before import = 0Number of asset objects unloaded after import = 3

========================================================================
Received Import Request.
  Time since last request: 2.278869 seconds.
  path: Assets/LUTE/ThirdPartyAssets/Feel/FeelDemos/ParallaxUI/Sprites/FeelParallaxUITrees2.png
  artifactKey: Guid(1954b894b7279ea4f81b35b6a6804737) Importer(815301076,1909f56bfc062723c751e8b465ee728b)
Start importing Assets/LUTE/ThirdPartyAssets/Feel/FeelDemos/ParallaxUI/Sprites/FeelParallaxUITrees2.png using Guid(1954b894b7279ea4f81b35b6a6804737) Importer(815301076,1909f56bfc062723c751e8b465ee728b) (PreviewImporter) -> (artifact id: '845eb056fd53a013361f36e4a144d158') in 0.0997052 seconds
Number of updated asset objects reloaded before import = 0Number of asset objects unloaded after import = 3

========================================================================
Received Import Request.
  Time since last request: 0.103696 seconds.
  path: Assets/LUTE/ThirdPartyAssets/Feel/FeelDemos/Snake/Sprites/FeelSnakeBackground.png
  artifactKey: Guid(8efb9c5cb7c29a7409a78be182c20b05) Importer(815301076,1909f56bfc062723c751e8b465ee728b)
Start importing Assets/LUTE/ThirdPartyAssets/Feel/FeelDemos/Snake/Sprites/FeelSnakeBackground.png using Guid(8efb9c5cb7c29a7409a78be182c20b05) Importer(815301076,1909f56bfc062723c751e8b465ee728b) (PreviewImporter) -> (artifact id: 'a5b7052055d5ddf0aa24f32db035d3e9') in 0.1552062 seconds
Number of updated asset objects reloaded before import = 0Number of asset objects unloaded after import = 3

========================================================================
Received Import Request.
  Time since last request: 4.000317 seconds.
  path: Assets/LUTE_Starter Scenes/Sprites/CharacterHeads/Animals/Round without details/hippo.png
  artifactKey: Guid(d8ad51577e27ea04a854b149b714ebf1) Importer(815301076,1909f56bfc062723c751e8b465ee728b)
Start importing Assets/LUTE_Starter Scenes/Sprites/CharacterHeads/Animals/Round without details/hippo.png using Guid(d8ad51577e27ea04a854b149b714ebf1) Importer(815301076,1909f56bfc062723c751e8b465ee728b) (PreviewImporter) -> (artifact id: 'dc8b8493b8babab5cc9f8ec1abd3cb7b') in 0.2781361 seconds
Number of updated asset objects reloaded before import = 0Number of asset objects unloaded after import = 3

========================================================================
Received Import Request.
  Time since last request: 0.085531 seconds.
  path: Assets/Mapbox/Examples/Resources/maki/hospital-15.png
  artifactKey: Guid(dcf53dd8cb19651479de8de6bf813e39) Importer(815301076,1909f56bfc062723c751e8b465ee728b)
Start importing Assets/Mapbox/Examples/Resources/maki/hospital-15.png using Guid(dcf53dd8cb19651479de8de6bf813e39) Importer(815301076,1909f56bfc062723c751e8b465ee728b) (PreviewImporter) -> (artifact id: 'fa1bc81de65fc2469a65f509facd46a6') in 0.0144475 seconds
Number of updated asset objects reloaded before import = 0Number of asset objects unloaded after import = 3

========================================================================
Received Import Request.
  Time since last request: 0.123746 seconds.
  path: Assets/Mapbox/Examples/Resources/maki/ice-cream-15.png
  artifactKey: Guid(7018b389b1fe77845a86a4b4f862ff48) Importer(815301076,1909f56bfc062723c751e8b465ee728b)
Start importing Assets/Mapbox/Examples/Resources/maki/ice-cream-15.png using Guid(7018b389b1fe77845a86a4b4f862ff48) Importer(815301076,1909f56bfc062723c751e8b465ee728b) (PreviewImporter) -> (artifact id: 'c88e10aeb2d16e0256d487963da98c2a') in 0.1586951 seconds
Number of updated asset objects reloaded before import = 0Number of asset objects unloaded after import = 3

========================================================================
Received Import Request.
  Time since last request: 0.036180 seconds.
  path: Assets/LUTE_Starter Scenes/Scenes/Games/DesignerCreated/Testing/AlbertoDemo/Sprites/Icons/UI/icon_achievement_2.png
  artifactKey: Guid(d4d566f7f88ec614bb1c8b73ea773880) Importer(815301076,1909f56bfc062723c751e8b465ee728b)
Start importing Assets/LUTE_Starter Scenes/Scenes/Games/DesignerCreated/Testing/AlbertoDemo/Sprites/Icons/UI/icon_achievement_2.png using Guid(d4d566f7f88ec614bb1c8b73ea773880) Importer(815301076,1909f56bfc062723c751e8b465ee728b) (PreviewImporter) -> (artifact id: '8b1775a44d67ce9b90d5b20b48dc732c') in 0.1243438 seconds
Number of updated asset objects reloaded before import = 0Number of asset objects unloaded after import = 3

========================================================================
Received Import Request.
  Time since last request: 0.090604 seconds.
  path: Assets/LUTE_Starter Scenes/Scenes/Games/DesignerCreated/Testing/AlbertoDemo/Sprites/Icons/UI/icon_achievement_4.png
  artifactKey: Guid(3ac4deb21cc575543bb2ffc56f593398) Importer(815301076,1909f56bfc062723c751e8b465ee728b)
Start importing Assets/LUTE_Starter Scenes/Scenes/Games/DesignerCreated/Testing/AlbertoDemo/Sprites/Icons/UI/icon_achievement_4.png using Guid(3ac4deb21cc575543bb2ffc56f593398) Importer(815301076,1909f56bfc062723c751e8b465ee728b) (PreviewImporter) -> (artifact id: 'effbb8b7ad9370db4bbd94b8d3a0247c') in 0.0169533 seconds
Number of updated asset objects reloaded before import = 0Number of asset objects unloaded after import = 3

========================================================================
Received Import Request.
  Time since last request: 0.060001 seconds.
  path: Assets/LUTE_Starter Scenes/Scenes/Games/DesignerCreated/Testing/AlbertoDemo/Sprites/Icons/UI/icon_achievement_5.png
  artifactKey: Guid(8676c99d85b215447ae54c7a7b3e6ebe) Importer(815301076,1909f56bfc062723c751e8b465ee728b)
Start importing Assets/LUTE_Starter Scenes/Scenes/Games/DesignerCreated/Testing/AlbertoDemo/Sprites/Icons/UI/icon_achievement_5.png using Guid(8676c99d85b215447ae54c7a7b3e6ebe) Importer(815301076,1909f56bfc062723c751e8b465ee728b) (PreviewImporter) -> (artifact id: '04ebd95a655f20f180440ec4613d8ea2') in 0.017006 seconds
Number of updated asset objects reloaded before import = 0Number of asset objects unloaded after import = 3

========================================================================
Received Import Request.
  Time since last request: 0.134197 seconds.
  path: Assets/LUTE_Starter Scenes/Scenes/Games/DesignerCreated/Testing/AlbertoDemo/Sprites/Icons/UI/icon_achievement_7.png
  artifactKey: Guid(c1f6fb97eb294d1408f2fa1294eb39e2) Importer(815301076,1909f56bfc062723c751e8b465ee728b)
Start importing Assets/LUTE_Starter Scenes/Scenes/Games/DesignerCreated/Testing/AlbertoDemo/Sprites/Icons/UI/icon_achievement_7.png using Guid(c1f6fb97eb294d1408f2fa1294eb39e2) Importer(815301076,1909f56bfc062723c751e8b465ee728b) (PreviewImporter) -> (artifact id: 'fdefec569d82d455ddd85272211667ea') in 0.0242195 seconds
Number of updated asset objects reloaded before import = 0Number of asset objects unloaded after import = 3

========================================================================
Received Import Request.
  Time since last request: 0.000020 seconds.
  path: Assets/LUTE_Starter Scenes/Scenes/Games/DesignerCreated/Testing/AlbertoDemo/Sprites/Icons/UI/icon_inventory.png
  artifactKey: Guid(53d730aba6cc75a448e5094c794b80bd) Importer(815301076,1909f56bfc062723c751e8b465ee728b)
Start importing Assets/LUTE_Starter Scenes/Scenes/Games/DesignerCreated/Testing/AlbertoDemo/Sprites/Icons/UI/icon_inventory.png using Guid(53d730aba6cc75a448e5094c794b80bd) Importer(815301076,1909f56bfc062723c751e8b465ee728b) (PreviewImporter) -> (artifact id: 'cd55f734a79e2b383987e05a0958034e') in 0.3487174 seconds
Number of updated asset objects reloaded before import = 0Number of asset objects unloaded after import = 3

========================================================================
Received Import Request.
  Time since last request: 0.121650 seconds.
  path: Assets/LUTE_Starter Scenes/Scenes/Games/DesignerCreated/Testing/AlbertoDemo/Sprites/Icons/UI/icon_unknownitem.png
  artifactKey: Guid(3323502711fafdb479ee6c6ed5423df0) Importer(815301076,1909f56bfc062723c751e8b465ee728b)
Start importing Assets/LUTE_Starter Scenes/Scenes/Games/DesignerCreated/Testing/AlbertoDemo/Sprites/Icons/UI/icon_unknownitem.png using Guid(3323502711fafdb479ee6c6ed5423df0) Importer(815301076,1909f56bfc062723c751e8b465ee728b) (PreviewImporter) -> (artifact id: 'd63777d4ad5a67d47f0e3ee87c594fb3') in 0.2048332 seconds
Number of updated asset objects reloaded before import = 0Number of asset objects unloaded after import = 3

========================================================================
Received Import Request.
  Time since last request: 0.347575 seconds.
  path: Assets/LUTE/Resources/Textures/iconsIfBlue.png
  artifactKey: Guid(1e4868606be888243b07b3df1e0cbf5f) Importer(815301076,1909f56bfc062723c751e8b465ee728b)
Start importing Assets/LUTE/Resources/Textures/iconsIfBlue.png using Guid(1e4868606be888243b07b3df1e0cbf5f) Importer(815301076,1909f56bfc062723c751e8b465ee728b) (PreviewImporter) -> (artifact id: '9a5c7fbc42ddd9aea751ce770d8eee35') in 0.0286959 seconds
Number of updated asset objects reloaded before import = 0Number of asset objects unloaded after import = 3

========================================================================
Received Import Request.
  Time since last request: 0.131565 seconds.
  path: Assets/LUTE_Starter Scenes/Scenes/Games/DesignerCreated/Testing/AlbertoDemo/Resources/UI/img_locationpanel_barberstone.png
  artifactKey: Guid(7d5c8123e10f2bb45af17fd97a0163e6) Importer(815301076,1909f56bfc062723c751e8b465ee728b)
Start importing Assets/LUTE_Starter Scenes/Scenes/Games/DesignerCreated/Testing/AlbertoDemo/Resources/UI/img_locationpanel_barberstone.png using Guid(7d5c8123e10f2bb45af17fd97a0163e6) Importer(815301076,1909f56bfc062723c751e8b465ee728b) (PreviewImporter) -> (artifact id: '483a80b34c51f5a249555d2dc8de4229') in 0.0779377 seconds
Number of updated asset objects reloaded before import = 0Number of asset objects unloaded after import = 3

========================================================================
Received Import Request.
  Time since last request: 0.053145 seconds.
  path: Assets/LUTE_Starter Scenes/Scenes/Games/DesignerCreated/Testing/AlbertoDemo/Resources/UI/img_locationpanel_barn.png
  artifactKey: Guid(b44fee1cb3b768e4da6fc8d624b9eed6) Importer(815301076,1909f56bfc062723c751e8b465ee728b)
Start importing Assets/LUTE_Starter Scenes/Scenes/Games/DesignerCreated/Testing/AlbertoDemo/Resources/UI/img_locationpanel_barn.png using Guid(b44fee1cb3b768e4da6fc8d624b9eed6) Importer(815301076,1909f56bfc062723c751e8b465ee728b) (PreviewImporter) -> (artifact id: 'a48f47b0f139a7cbe63776012ca68d64') in 0.1642232 seconds
Number of updated asset objects reloaded before import = 0Number of asset objects unloaded after import = 3

========================================================================
Received Import Request.
  Time since last request: 0.076442 seconds.
  path: Assets/LUTE_Starter Scenes/Scenes/Games/DesignerCreated/Testing/AlbertoDemo/Resources/UI/img_locationpanel_henge.png
  artifactKey: Guid(290ed3971153ddb42ae0d6f2c8ecfc36) Importer(815301076,1909f56bfc062723c751e8b465ee728b)
Start importing Assets/LUTE_Starter Scenes/Scenes/Games/DesignerCreated/Testing/AlbertoDemo/Resources/UI/img_locationpanel_henge.png using Guid(290ed3971153ddb42ae0d6f2c8ecfc36) Importer(815301076,1909f56bfc062723c751e8b465ee728b) (PreviewImporter) -> (artifact id: '32310278824f967ab6265370483752b8') in 0.1712781 seconds
Number of updated asset objects reloaded before import = 0Number of asset objects unloaded after import = 3

========================================================================
Received Import Request.
  Time since last request: 0.025276 seconds.
  path: Assets/LUTE_Starter Scenes/Scenes/Games/DesignerCreated/Testing/AlbertoDemo/Resources/UI/img_locationpanel_innercircle.png
  artifactKey: Guid(1b16ff30abf92b04c88a5de69ea0f0c4) Importer(815301076,1909f56bfc062723c751e8b465ee728b)
Start importing Assets/LUTE_Starter Scenes/Scenes/Games/DesignerCreated/Testing/AlbertoDemo/Resources/UI/img_locationpanel_innercircle.png using Guid(1b16ff30abf92b04c88a5de69ea0f0c4) Importer(815301076,1909f56bfc062723c751e8b465ee728b) (PreviewImporter) -> (artifact id: '4d1aaa4b3b755f0832dfcde7f4b3043d') in 0.0609254 seconds
Number of updated asset objects reloaded before import = 0Number of asset objects unloaded after import = 3

========================================================================
Received Import Request.
  Time since last request: 0.058747 seconds.
  path: Assets/LUTE_Starter Scenes/Scenes/Games/DesignerCreated/Testing/AlbertoDemo/Resources/UI/img_locationpanel_obelisk.png
  artifactKey: Guid(9a0241ed2963f1b46a3b822b04ca82ef) Importer(815301076,1909f56bfc062723c751e8b465ee728b)
Start importing Assets/LUTE_Starter Scenes/Scenes/Games/DesignerCreated/Testing/AlbertoDemo/Resources/UI/img_locationpanel_obelisk.png using Guid(9a0241ed2963f1b46a3b822b04ca82ef) Importer(815301076,1909f56bfc062723c751e8b465ee728b) (PreviewImporter) -> (artifact id: 'e1b8b201423aed20db29d498dfd8993e') in 0.0956765 seconds
Number of updated asset objects reloaded before import = 0Number of asset objects unloaded after import = 3

========================================================================
Received Import Request.
  Time since last request: 0.095734 seconds.
  path: Assets/LUTE_Starter Scenes/Scenes/Games/DesignerCreated/Testing/AlbertoDemo/Resources/UI/img_locationpanel_stonecircle.png
  artifactKey: Guid(11a913fd0e1729f4ea2ab6972d893408) Importer(815301076,1909f56bfc062723c751e8b465ee728b)
Start importing Assets/LUTE_Starter Scenes/Scenes/Games/DesignerCreated/Testing/AlbertoDemo/Resources/UI/img_locationpanel_stonecircle.png using Guid(11a913fd0e1729f4ea2ab6972d893408) Importer(815301076,1909f56bfc062723c751e8b465ee728b) (PreviewImporter) -> (artifact id: 'b19d0fa0d9462d84921a184d80034f10') in 0.3357706 seconds
Number of updated asset objects reloaded before import = 0Number of asset objects unloaded after import = 3

========================================================================
Received Import Request.
  Time since last request: 0.159327 seconds.
  path: Assets/Sprites/info_Black.png
  artifactKey: Guid(37ceb2e293060c541bbd1693df91efeb) Importer(815301076,1909f56bfc062723c751e8b465ee728b)
Start importing Assets/Sprites/info_Black.png using Guid(37ceb2e293060c541bbd1693df91efeb) Importer(815301076,1909f56bfc062723c751e8b465ee728b) (PreviewImporter) -> (artifact id: 'e0032f87b2a17b864c9a103b78e20103') in 0.379875 seconds
Number of updated asset objects reloaded before import = 0Number of asset objects unloaded after import = 3

========================================================================
Received Import Request.
  Time since last request: 0.029876 seconds.
  path: Assets/LUTE_Starter Scenes/Scenes/Games/DesignerCreated/Testing/AlbertoDemo/Resources/UI/item_background_color.png
  artifactKey: Guid(154a525240ebdc04b816ae39543b7643) Importer(815301076,1909f56bfc062723c751e8b465ee728b)
Start importing Assets/LUTE_Starter Scenes/Scenes/Games/DesignerCreated/Testing/AlbertoDemo/Resources/UI/item_background_color.png using Guid(154a525240ebdc04b816ae39543b7643) Importer(815301076,1909f56bfc062723c751e8b465ee728b) (PreviewImporter) -> (artifact id: '3004b3e41666b518cd388787ba32afe1') in 0.2294917 seconds
Number of updated asset objects reloaded before import = 0Number of asset objects unloaded after import = 3

========================================================================
Received Import Request.
  Time since last request: 0.125556 seconds.
  path: Assets/Mapbox/Examples/Resources/maki/karaoke-15.png
  artifactKey: Guid(59827cdc97caf864ea91472943a6bdca) Importer(815301076,1909f56bfc062723c751e8b465ee728b)
Start importing Assets/Mapbox/Examples/Resources/maki/karaoke-15.png using Guid(59827cdc97caf864ea91472943a6bdca) Importer(815301076,1909f56bfc062723c751e8b465ee728b) (PreviewImporter) -> (artifact id: '521a0da6c9f4522f69112dfbdb0ece3f') in 0.0222984 seconds
Number of updated asset objects reloaded before import = 0Number of asset objects unloaded after import = 3

========================================================================
Received Import Request.
  Time since last request: 0.039485 seconds.
  path: Assets/LUTE/Resources/Textures/keyCute.png
  artifactKey: Guid(19726cced070f084988c40c2dbecdd6c) Importer(815301076,1909f56bfc062723c751e8b465ee728b)
Start importing Assets/LUTE/Resources/Textures/keyCute.png using Guid(19726cced070f084988c40c2dbecdd6c) Importer(815301076,1909f56bfc062723c751e8b465ee728b) (PreviewImporter) -> (artifact id: 'cb56d91c3c2f1891effb2650f9127fe2') in 0.3285374 seconds
Number of updated asset objects reloaded before import = 0Number of asset objects unloaded after import = 3

========================================================================
Received Import Request.
  Time since last request: 0.040508 seconds.
  path: Assets/LUTE/Resources/Textures/keyWhite.png
  artifactKey: Guid(53bd2bd1997c53b42be44b5747030fb1) Importer(815301076,1909f56bfc062723c751e8b465ee728b)
Start importing Assets/LUTE/Resources/Textures/keyWhite.png using Guid(53bd2bd1997c53b42be44b5747030fb1) Importer(815301076,1909f56bfc062723c751e8b465ee728b) (PreviewImporter) -> (artifact id: 'cea487e71df5c10e7ba697b4bd80e0b2') in 0.0476667 seconds
Number of updated asset objects reloaded before import = 0Number of asset objects unloaded after import = 3

========================================================================
Received Import Request.
  Time since last request: 0.085117 seconds.
  path: Assets/LUTE/ThirdPartyAssets/InventoryEngine/Sprites/KoalaItems.png
  artifactKey: Guid(9f715bc4891bb784183c52b2efb402fe) Importer(815301076,1909f56bfc062723c751e8b465ee728b)
Start importing Assets/LUTE/ThirdPartyAssets/InventoryEngine/Sprites/KoalaItems.png using Guid(9f715bc4891bb784183c52b2efb402fe) Importer(815301076,1909f56bfc062723c751e8b465ee728b) (PreviewImporter) -> (artifact id: '84c020791eca2ce43a1542f89b72c245') in 0.1288712 seconds
Number of updated asset objects reloaded before import = 0Number of asset objects unloaded after import = 15

========================================================================
Received Import Request.
  Time since last request: 1.105917 seconds.
  path: Assets/Mapbox/Examples/Resources/maki/landmark-15.png
  artifactKey: Guid(85a7e8da525d6d242b49c9d68f9b3a7d) Importer(815301076,1909f56bfc062723c751e8b465ee728b)
Start importing Assets/Mapbox/Examples/Resources/maki/landmark-15.png using Guid(85a7e8da525d6d242b49c9d68f9b3a7d) Importer(815301076,1909f56bfc062723c751e8b465ee728b) (PreviewImporter) -> (artifact id: 'd0754f8c9176bd5c2e9481bb6d24e5dc') in 0.1383478 seconds
Number of updated asset objects reloaded before import = 0Number of asset objects unloaded after import = 3

========================================================================
Received Import Request.
  Time since last request: 0.000018 seconds.
  path: Assets/Sprites/Map/Area Ring Stone.png
  artifactKey: Guid(afb0e2615ca764447b9825ff2832dabb) Importer(815301076,1909f56bfc062723c751e8b465ee728b)
Start importing Assets/Sprites/Map/Area Ring Stone.png using Guid(afb0e2615ca764447b9825ff2832dabb) Importer(815301076,1909f56bfc062723c751e8b465ee728b) (PreviewImporter) -> (artifact id: 'a6446c323ec6f289fa4f6d1256662344') in 0.0618458 seconds
Number of updated asset objects reloaded before import = 0Number of asset objects unloaded after import = 3

========================================================================
Received Import Request.
  Time since last request: 0.000026 seconds.
  path: Assets/Sprites/Map/Area Devils Chair.png
  artifactKey: Guid(3e77d5bf462423e4499861e37137d5e8) Importer(815301076,1909f56bfc062723c751e8b465ee728b)
Start importing Assets/Sprites/Map/Area Devils Chair.png using Guid(3e77d5bf462423e4499861e37137d5e8) Importer(815301076,1909f56bfc062723c751e8b465ee728b) (PreviewImporter) -> (artifact id: '352f027fb0fafcc9ad212412f6ecfd48') in 0.3542913 seconds
Number of updated asset objects reloaded before import = 0Number of asset objects unloaded after import = 3

========================================================================
Received Import Request.
  Time since last request: 3.437498 seconds.
  path: Assets/Sprites/Map/Area Mighty Stone.png
  artifactKey: Guid(c3c0529ac01581340b562d3de6d7c5f8) Importer(815301076,1909f56bfc062723c751e8b465ee728b)
Start importing Assets/Sprites/Map/Area Mighty Stone.png using Guid(c3c0529ac01581340b562d3de6d7c5f8) Importer(815301076,1909f56bfc062723c751e8b465ee728b) (PreviewImporter) -> (artifact id: '3fc4c3fe3fd6826d1a4c7ae0aedc9896') in 0.2442186 seconds
Number of updated asset objects reloaded before import = 0Number of asset objects unloaded after import = 3

========================================================================
Received Import Request.
  Time since last request: 0.000025 seconds.
  path: Assets/Sprites/Map/Area Swindon Stone.png
  artifactKey: Guid(e73ccb810e950874885810c19997cb5c) Importer(815301076,1909f56bfc062723c751e8b465ee728b)
Start importing Assets/Sprites/Map/Area Swindon Stone.png using Guid(e73ccb810e950874885810c19997cb5c) Importer(815301076,1909f56bfc062723c751e8b465ee728b) (PreviewImporter) -> (artifact id: '3fbfbeeb04d31b349ae67954c8fd0541') in 0.1153082 seconds
Number of updated asset objects reloaded before import = 0Number of asset objects unloaded after import = 3

========================================================================
Received Import Request.
  Time since last request: 1.012274 seconds.
  path: Assets/Sprites/Map/Area The Cove.png
  artifactKey: Guid(b51795073b9a36f4682cadc04240da05) Importer(815301076,1909f56bfc062723c751e8b465ee728b)
Start importing Assets/Sprites/Map/Area The Cove.png using Guid(b51795073b9a36f4682cadc04240da05) Importer(815301076,1909f56bfc062723c751e8b465ee728b) (PreviewImporter) -> (artifact id: '40fa2bf9c21f2feb44ed21f60c1dd839') in 0.0564699 seconds
Number of updated asset objects reloaded before import = 0Number of asset objects unloaded after import = 3

========================================================================
Received Import Request.
  Time since last request: 0.063060 seconds.
  path: Assets/LUTE_Starter Scenes/Scenes/Games/DesignerCreated/Testing/AlbertoDemo/Sprites/Icons/UI/layerIcon-64.png
  artifactKey: Guid(4839e5756d0b38f4cbf95d9297de01de) Importer(815301076,1909f56bfc062723c751e8b465ee728b)
Start importing Assets/LUTE_Starter Scenes/Scenes/Games/DesignerCreated/Testing/AlbertoDemo/Sprites/Icons/UI/layerIcon-64.png using Guid(4839e5756d0b38f4cbf95d9297de01de) Importer(815301076,1909f56bfc062723c751e8b465ee728b) (PreviewImporter) -> (artifact id: 'd56509aeea380b15b50689eac83196f1') in 0.0122639 seconds
Number of updated asset objects reloaded before import = 0Number of asset objects unloaded after import = 3

========================================================================
Received Import Request.
  Time since last request: 0.169474 seconds.
  path: Assets/Mapbox/Examples/Resources/maki/lighthouse-15.png
  artifactKey: Guid(60c5cc0d372cc6440bdf62f8450e4c46) Importer(815301076,1909f56bfc062723c751e8b465ee728b)
Start importing Assets/Mapbox/Examples/Resources/maki/lighthouse-15.png using Guid(60c5cc0d372cc6440bdf62f8450e4c46) Importer(815301076,1909f56bfc062723c751e8b465ee728b) (PreviewImporter) -> (artifact id: '47875a0e13fcd52bf5f67d3250cee139') in 0.0389874 seconds
Number of updated asset objects reloaded before import = 0Number of asset objects unloaded after import = 3

========================================================================
Received Import Request.
  Time since last request: 0.529023 seconds.
  path: Assets/LUTE/ThirdPartyAssets/Feel/MMTools/Tools/MMSceneLoading/Sprites/LoadingAnimation.png
  artifactKey: Guid(9bd9265533309304db171aa9f916554a) Importer(815301076,1909f56bfc062723c751e8b465ee728b)
Start importing Assets/LUTE/ThirdPartyAssets/Feel/MMTools/Tools/MMSceneLoading/Sprites/LoadingAnimation.png using Guid(9bd9265533309304db171aa9f916554a) Importer(815301076,1909f56bfc062723c751e8b465ee728b) (PreviewImporter) -> (artifact id: '3f998c6acc51af44613bc4036f4dff5a') in 0.3498358 seconds
Number of updated asset objects reloaded before import = 0Number of asset objects unloaded after import = 96

========================================================================
Received Import Request.
  Time since last request: 6.319661 seconds.
  path: Assets/LUTE/ThirdPartyAssets/Feel/MMTools/Tools/MMSceneLoading/Sprites/LoadingCompleteAnimation.png
  artifactKey: Guid(109174f54ddf71a4fbe62bf30e9cf0e0) Importer(815301076,1909f56bfc062723c751e8b465ee728b)
Start importing Assets/LUTE/ThirdPartyAssets/Feel/MMTools/Tools/MMSceneLoading/Sprites/LoadingCompleteAnimation.png using Guid(109174f54ddf71a4fbe62bf30e9cf0e0) Importer(815301076,1909f56bfc062723c751e8b465ee728b) (PreviewImporter) -> (artifact id: '0794d304607179d553ae646bcbe7bdfb') in 0.0706445 seconds
Number of updated asset objects reloaded before import = 0Number of asset objects unloaded after import = 13

========================================================================
Received Import Request.
  Time since last request: 0.832004 seconds.
  path: Assets/LUTE/ThirdPartyAssets/Feel/MMTools/Tools/MMSceneLoading/Sprites/LoadingProgressBar.png
  artifactKey: Guid(553f615332baa0d4a842d5600f824551) Importer(815301076,1909f56bfc062723c751e8b465ee728b)
Start importing Assets/LUTE/ThirdPartyAssets/Feel/MMTools/Tools/MMSceneLoading/Sprites/LoadingProgressBar.png using Guid(553f615332baa0d4a842d5600f824551) Importer(815301076,1909f56bfc062723c751e8b465ee728b) (PreviewImporter) -> (artifact id: 'ed61211bd2c082ae0b8c9eced088c2dc') in 0.2317282 seconds
Number of updated asset objects reloaded before import = 0Number of asset objects unloaded after import = 3

========================================================================
Received Import Request.
  Time since last request: 0.068441 seconds.
  path: Assets/LUTE/Resources/Textures/lockCute.png
  artifactKey: Guid(9d444302ea516894bbb620b3b22a0a6e) Importer(815301076,1909f56bfc062723c751e8b465ee728b)
Start importing Assets/LUTE/Resources/Textures/lockCute.png using Guid(9d444302ea516894bbb620b3b22a0a6e) Importer(815301076,1909f56bfc062723c751e8b465ee728b) (PreviewImporter) -> (artifact id: 'aefead02deab87e6219f6ad6ba6b3dfa') in 0.0172525 seconds
Number of updated asset objects reloaded before import = 0Number of asset objects unloaded after import = 3

========================================================================
Received Import Request.
  Time since last request: 0.109932 seconds.
  path: Assets/LUTE/EditorResources/Icons/lockIcon.png
  artifactKey: Guid(1a2eef3865dce99439ffd994fc72d9d4) Importer(815301076,1909f56bfc062723c751e8b465ee728b)
Start importing Assets/LUTE/EditorResources/Icons/lockIcon.png using Guid(1a2eef3865dce99439ffd994fc72d9d4) Importer(815301076,1909f56bfc062723c751e8b465ee728b) (PreviewImporter) -> (artifact id: '858b1708af84011a8ebb787e0812783c') in 0.0163297 seconds
Number of updated asset objects reloaded before import = 0Number of asset objects unloaded after import = 3

========================================================================
Received Import Request.
  Time since last request: 0.000016 seconds.
  path: Assets/LUTE/EditorResources/Logos/logaFavicon.png
  artifactKey: Guid(f8cbee2d5a0500f4681c5505739bdb56) Importer(815301076,1909f56bfc062723c751e8b465ee728b)
Start importing Assets/LUTE/EditorResources/Logos/logaFavicon.png using Guid(f8cbee2d5a0500f4681c5505739bdb56) Importer(815301076,1909f56bfc062723c751e8b465ee728b) (PreviewImporter) -> (artifact id: 'f71e422e23429635c23f54ef6df442a7') in 0.1698044 seconds
Number of updated asset objects reloaded before import = 0Number of asset objects unloaded after import = 3

========================================================================
Received Import Request.
  Time since last request: 0.308056 seconds.
  path: Assets/LUTE/Resources/Textures/LUTE_logo.png
  artifactKey: Guid(a7ce6afc3073bed489926862aa3e6196) Importer(815301076,1909f56bfc062723c751e8b465ee728b)
Start importing Assets/LUTE/Resources/Textures/LUTE_logo.png using Guid(a7ce6afc3073bed489926862aa3e6196) Importer(815301076,1909f56bfc062723c751e8b465ee728b) (PreviewImporter) -> (artifact id: '6f9592891a8172f2a1e618b720b88f9a') in 0.0615506 seconds
Number of updated asset objects reloaded before import = 0Number of asset objects unloaded after import = 3

========================================================================
Received Import Request.
  Time since last request: 0.017643 seconds.
  path: Assets/Sprites/Map/map.png
  artifactKey: Guid(c4153e8b1b69cf5449b9f19fcc17ea23) Importer(815301076,1909f56bfc062723c751e8b465ee728b)
Start importing Assets/Sprites/Map/map.png using Guid(c4153e8b1b69cf5449b9f19fcc17ea23) Importer(815301076,1909f56bfc062723c751e8b465ee728b) (PreviewImporter) -> (artifact id: 'bbb2de5aabeeb4c8dbc54bbc784dbf5f') in 0.0234228 seconds
Number of updated asset objects reloaded before import = 0Number of asset objects unloaded after import = 4

========================================================================
Received Import Request.
  Time since last request: 0.007109 seconds.
  path: Assets/Mapbox/Examples/Resources/maki/marker-15.png
  artifactKey: Guid(b2b2af9fd67ea81428b7708fa4d8a368) Importer(815301076,1909f56bfc062723c751e8b465ee728b)
Start importing Assets/Mapbox/Examples/Resources/maki/marker-15.png using Guid(b2b2af9fd67ea81428b7708fa4d8a368) Importer(815301076,1909f56bfc062723c751e8b465ee728b) (PreviewImporter) -> (artifact id: '036b05ac8bab8ba890156656b1b87098') in 0.165957 seconds
Number of updated asset objects reloaded before import = 0Number of asset objects unloaded after import = 3

========================================================================
Received Import Request.
  Time since last request: 0.418571 seconds.
  path: Assets/LUTE/EditorResources/Icons/maximise.png
  artifactKey: Guid(b1bd6a7c76746b54e829f1839619f769) Importer(815301076,1909f56bfc062723c751e8b465ee728b)
Start importing Assets/LUTE/EditorResources/Icons/maximise.png using Guid(b1bd6a7c76746b54e829f1839619f769) Importer(815301076,1909f56bfc062723c751e8b465ee728b) (PreviewImporter) -> (artifact id: '35c750e3c433117491cc7d99e6051c23') in 0.0440449 seconds
Number of updated asset objects reloaded before import = 0Number of asset objects unloaded after import = 3

========================================================================
Received Import Request.
  Time since last request: 0.105457 seconds.
  path: Assets/LUTE/ThirdPartyAssets/Feel/MMTools/Demos/MMBezierLineRenderer/MMBezierLineRendererDemoDude.png
  artifactKey: Guid(0e4040556b24d6040826b165baa18a21) Importer(815301076,1909f56bfc062723c751e8b465ee728b)
Start importing Assets/LUTE/ThirdPartyAssets/Feel/MMTools/Demos/MMBezierLineRenderer/MMBezierLineRendererDemoDude.png using Guid(0e4040556b24d6040826b165baa18a21) Importer(815301076,1909f56bfc062723c751e8b465ee728b) (PreviewImporter) -> (artifact id: 'ddf41be892e6fbca9531981dcd1ff40d') in 0.1283031 seconds
Number of updated asset objects reloaded before import = 0Number of asset objects unloaded after import = 3

========================================================================
Received Import Request.
  Time since last request: 3.307329 seconds.
  path: Assets/LUTE/ThirdPartyAssets/Feel/MMTools/Tools/MMDebugMenu/Sprites/MMDebugMenuSpritesheet.png
  artifactKey: Guid(72f7a32ac9c7676409eb438757bc6b4a) Importer(815301076,1909f56bfc062723c751e8b465ee728b)
Start importing Assets/LUTE/ThirdPartyAssets/Feel/MMTools/Tools/MMDebugMenu/Sprites/MMDebugMenuSpritesheet.png using Guid(72f7a32ac9c7676409eb438757bc6b4a) Importer(815301076,1909f56bfc062723c751e8b465ee728b) (PreviewImporter) -> (artifact id: '09af67acda9d16aa954c0c32d95a9d8e') in 0.1428504 seconds
Number of updated asset objects reloaded before import = 0Number of asset objects unloaded after import = 8

========================================================================
Received Import Request.
  Time since last request: 0.107376 seconds.
  path: Assets/LUTE/ThirdPartyAssets/Feel/MMTools/Tools/MMDebugOnScreen/Sprites/MMLogo16x16.png
  artifactKey: Guid(0a9d566b902c9a84087bf3ca3a178e6b) Importer(815301076,1909f56bfc062723c751e8b465ee728b)
Start importing Assets/LUTE/ThirdPartyAssets/Feel/MMTools/Tools/MMDebugOnScreen/Sprites/MMLogo16x16.png using Guid(0a9d566b902c9a84087bf3ca3a178e6b) Importer(815301076,1909f56bfc062723c751e8b465ee728b) (PreviewImporter) -> (artifact id: '9c9a5b6d2609a3a1819a14d7b38abf8c') in 0.0693458 seconds
Number of updated asset objects reloaded before import = 0Number of asset objects unloaded after import = 3

========================================================================
Received Import Request.
  Time since last request: 0.062594 seconds.
  path: Assets/LUTE/ThirdPartyAssets/Feel/MMTools/Tools/MMVFX/MMPalette/MMLowPolyPalette.png
  artifactKey: Guid(0f7538ff15051d14c9a387d4773180bc) Importer(815301076,1909f56bfc062723c751e8b465ee728b)
Start importing Assets/LUTE/ThirdPartyAssets/Feel/MMTools/Tools/MMVFX/MMPalette/MMLowPolyPalette.png using Guid(0f7538ff15051d14c9a387d4773180bc) Importer(815301076,1909f56bfc062723c751e8b465ee728b) (PreviewImporter) -> (artifact id: 'e8eea8cb9348ab38ca92ea6fc1e27bdd') in 0.0174223 seconds
Number of updated asset objects reloaded before import = 0Number of asset objects unloaded after import = 3

========================================================================
Received Import Request.
  Time since last request: 0.043415 seconds.
  path: Assets/LUTE/ThirdPartyAssets/Feel/MMTools/Tools/MMGUI/Sprites/MMTools_GUI_1x1.png
  artifactKey: Guid(aff4855d499cb7646b344323f4129b58) Importer(815301076,1909f56bfc062723c751e8b465ee728b)
Start importing Assets/LUTE/ThirdPartyAssets/Feel/MMTools/Tools/MMGUI/Sprites/MMTools_GUI_1x1.png using Guid(aff4855d499cb7646b344323f4129b58) Importer(815301076,1909f56bfc062723c751e8b465ee728b) (PreviewImporter) -> (artifact id: '483c309a6eacb2c635ca37d9165633f7') in 0.007053 seconds
Number of updated asset objects reloaded before import = 0Number of asset objects unloaded after import = 3

========================================================================
Received Import Request.
  Time since last request: 0.083572 seconds.
  path: Assets/LUTE_Starter Scenes/Sprites/CharacterHeads/Animals/Square without details (outline)/monkey.png
  artifactKey: Guid(84e45cd8c9d64d14f86de85acd39e645) Importer(815301076,1909f56bfc062723c751e8b465ee728b)
Start importing Assets/LUTE_Starter Scenes/Sprites/CharacterHeads/Animals/Square without details (outline)/monkey.png using Guid(84e45cd8c9d64d14f86de85acd39e645) Importer(815301076,1909f56bfc062723c751e8b465ee728b) (PreviewImporter) -> (artifact id: 'e3c8ba8b7f7cb73f01532fffbb6df37f') in 0.0336481 seconds
Number of updated asset objects reloaded before import = 0Number of asset objects unloaded after import = 3

========================================================================
Received Import Request.
  Time since last request: 0.047907 seconds.
  path: Assets/LUTE_Starter Scenes/Sprites/CharacterHeads/Animals/Round without details/monkey.png
  artifactKey: Guid(a74eef1edffb3704593b56a82ecb1d47) Importer(815301076,1909f56bfc062723c751e8b465ee728b)
Start importing Assets/LUTE_Starter Scenes/Sprites/CharacterHeads/Animals/Round without details/monkey.png using Guid(a74eef1edffb3704593b56a82ecb1d47) Importer(815301076,1909f56bfc062723c751e8b465ee728b) (PreviewImporter) -> (artifact id: '95acdb95e864fcfe24833f6c58a25906') in 0.1010326 seconds
Number of updated asset objects reloaded before import = 0Number of asset objects unloaded after import = 3

========================================================================
Received Import Request.
  Time since last request: 0.056589 seconds.
  path: Assets/LUTE_Starter Scenes/Sprites/CharacterHeads/Animals/Square (outline)/monkey.png
  artifactKey: Guid(9e649e6c9fad5004cb569d4d399f5a0f) Importer(815301076,1909f56bfc062723c751e8b465ee728b)
Start importing Assets/LUTE_Starter Scenes/Sprites/CharacterHeads/Animals/Square (outline)/monkey.png using Guid(9e649e6c9fad5004cb569d4d399f5a0f) Importer(815301076,1909f56bfc062723c751e8b465ee728b) (PreviewImporter) -> (artifact id: '9f7c552d2628e77445f7f3172f2e4929') in 0.0305773 seconds
Number of updated asset objects reloaded before import = 0Number of asset objects unloaded after import = 3

========================================================================
Received Import Request.
  Time since last request: 0.038779 seconds.
  path: Assets/LUTE_Starter Scenes/Sprites/CharacterHeads/Animals/Square without details/monkey.png
  artifactKey: Guid(3bbaa64289b30f34eac25d0faa92df50) Importer(815301076,1909f56bfc062723c751e8b465ee728b)
Start importing Assets/LUTE_Starter Scenes/Sprites/CharacterHeads/Animals/Square without details/monkey.png using Guid(3bbaa64289b30f34eac25d0faa92df50) Importer(815301076,1909f56bfc062723c751e8b465ee728b) (PreviewImporter) -> (artifact id: 'cfe0c3a24c15580ddc8e8cb4e12058d2') in 0.0450993 seconds
Number of updated asset objects reloaded before import = 0Number of asset objects unloaded after import = 3

========================================================================
Received Import Request.
  Time since last request: 0.020619 seconds.
  path: Assets/LUTE_Starter Scenes/Sprites/CharacterHeads/Animals/Round/monkey.png
  artifactKey: Guid(338cd290f7afedb4995a6a444f685fc0) Importer(815301076,1909f56bfc062723c751e8b465ee728b)
Start importing Assets/LUTE_Starter Scenes/Sprites/CharacterHeads/Animals/Round/monkey.png using Guid(338cd290f7afedb4995a6a444f685fc0) Importer(815301076,1909f56bfc062723c751e8b465ee728b) (PreviewImporter) -> (artifact id: '5b73faa869680bb4783ef54cafdc5721') in 0.0449147 seconds
Number of updated asset objects reloaded before import = 0Number of asset objects unloaded after import = 3

========================================================================
Received Import Request.
  Time since last request: 0.063982 seconds.
  path: Assets/Mapbox/Examples/Resources/maki/monument-15.png
  artifactKey: Guid(d5f811a06bace804ea9ca2920bb9c765) Importer(815301076,1909f56bfc062723c751e8b465ee728b)
Start importing Assets/Mapbox/Examples/Resources/maki/monument-15.png using Guid(d5f811a06bace804ea9ca2920bb9c765) Importer(815301076,1909f56bfc062723c751e8b465ee728b) (PreviewImporter) -> (artifact id: 'e11ceee6837db24af934b56007c5d591') in 0.1898208 seconds
Number of updated asset objects reloaded before import = 0Number of asset objects unloaded after import = 3

========================================================================
Received Import Request.
  Time since last request: 0.036378 seconds.
  path: Assets/Mapbox/Examples/Resources/maki/mountain-15.png
  artifactKey: Guid(af764933d03cc6842a2ba96bb60a6027) Importer(815301076,1909f56bfc062723c751e8b465ee728b)
Start importing Assets/Mapbox/Examples/Resources/maki/mountain-15.png using Guid(af764933d03cc6842a2ba96bb60a6027) Importer(815301076,1909f56bfc062723c751e8b465ee728b) (PreviewImporter) -> (artifact id: '9736dc6f98e6732cc412c91cb57339fc') in 0.0402551 seconds
Number of updated asset objects reloaded before import = 0Number of asset objects unloaded after import = 3

========================================================================
Received Import Request.
  Time since last request: 0.044183 seconds.
  path: Assets/Mapbox/Examples/Resources/maki/music-15.png
  artifactKey: Guid(95027b675c797d0478c02e66837b1fc9) Importer(815301076,1909f56bfc062723c751e8b465ee728b)
Start importing Assets/Mapbox/Examples/Resources/maki/music-15.png using Guid(95027b675c797d0478c02e66837b1fc9) Importer(815301076,1909f56bfc062723c751e8b465ee728b) (PreviewImporter) -> (artifact id: '33b20b533baea73923702bc78765d5ef') in 0.0156195 seconds
Number of updated asset objects reloaded before import = 0Number of asset objects unloaded after import = 3

========================================================================
Received Import Request.
  Time since last request: 0.269512 seconds.
  path: Assets/LUTE/EditorResources/Textures/order_background.png
  artifactKey: Guid(3cff51493cd05b345bc696cfdd4ff830) Importer(815301076,1909f56bfc062723c751e8b465ee728b)
Start importing Assets/LUTE/EditorResources/Textures/order_background.png using Guid(3cff51493cd05b345bc696cfdd4ff830) Importer(815301076,1909f56bfc062723c751e8b465ee728b) (PreviewImporter) -> (artifact id: '39cf2f765423235851f1c093793dc126') in 0.0505551 seconds
Number of updated asset objects reloaded before import = 0Number of asset objects unloaded after import = 3

========================================================================
Received Import Request.
  Time since last request: 0.071106 seconds.
  path: Assets/Sprites/Paint_Tools_White.png
  artifactKey: Guid(49a58b18182bfd04b8741e2640e55f20) Importer(815301076,1909f56bfc062723c751e8b465ee728b)
Start importing Assets/Sprites/Paint_Tools_White.png using Guid(49a58b18182bfd04b8741e2640e55f20) Importer(815301076,1909f56bfc062723c751e8b465ee728b) (PreviewImporter) -> (artifact id: 'b8799789f8a4d24943a0393c2b8ce28b') in 0.158565 seconds
Number of updated asset objects reloaded before import = 0Number of asset objects unloaded after import = 3

========================================================================
Received Import Request.
  Time since last request: 0.022809 seconds.
  path: Assets/LUTE_Starter Scenes/Sprites/CharacterHeads/Animals/Square/panda.png
  artifactKey: Guid(dcb9bf86f97ab8445a174a4a5c395e68) Importer(815301076,1909f56bfc062723c751e8b465ee728b)
Start importing Assets/LUTE_Starter Scenes/Sprites/CharacterHeads/Animals/Square/panda.png using Guid(dcb9bf86f97ab8445a174a4a5c395e68) Importer(815301076,1909f56bfc062723c751e8b465ee728b) (PreviewImporter) -> (artifact id: '0a597e14a5113ba8848d27dc35d9bd98') in 0.0176957 seconds
Number of updated asset objects reloaded before import = 0Number of asset objects unloaded after import = 3

========================================================================
Received Import Request.
  Time since last request: 0.025696 seconds.
  path: Assets/LUTE_Starter Scenes/Sprites/CharacterHeads/Animals/Round without details (outline)/panda.png
  artifactKey: Guid(d522b4161517a1648beadb720a14a3d0) Importer(815301076,1909f56bfc062723c751e8b465ee728b)
Start importing Assets/LUTE_Starter Scenes/Sprites/CharacterHeads/Animals/Round without details (outline)/panda.png using Guid(d522b4161517a1648beadb720a14a3d0) Importer(815301076,1909f56bfc062723c751e8b465ee728b) (PreviewImporter) -> (artifact id: 'e23dd517afb10b45cd073b6781cdc58b') in 0.0520479 seconds
Number of updated asset objects reloaded before import = 0Number of asset objects unloaded after import = 3

========================================================================
Received Import Request.
  Time since last request: 0.056980 seconds.
  path: Assets/LUTE_Starter Scenes/Sprites/CharacterHeads/Animals/Round without details/panda.png
  artifactKey: Guid(38ad1d6a0a09ed54993ed46b2b4ec3ac) Importer(815301076,1909f56bfc062723c751e8b465ee728b)
Start importing Assets/LUTE_Starter Scenes/Sprites/CharacterHeads/Animals/Round without details/panda.png using Guid(38ad1d6a0a09ed54993ed46b2b4ec3ac) Importer(815301076,1909f56bfc062723c751e8b465ee728b) (PreviewImporter) -> (artifact id: '994b96029c8d3a0e65275644a9b8a5c8') in 0.0218286 seconds
Number of updated asset objects reloaded before import = 0Number of asset objects unloaded after import = 3

========================================================================
Received Import Request.
  Time since last request: 0.071761 seconds.
  path: Assets/Mapbox/Examples/Resources/maki/park-15.png
  artifactKey: Guid(c6f2d0376dc02bd4783e9b539e0fdc70) Importer(815301076,1909f56bfc062723c751e8b465ee728b)
Start importing Assets/Mapbox/Examples/Resources/maki/park-15.png using Guid(c6f2d0376dc02bd4783e9b539e0fdc70) Importer(815301076,1909f56bfc062723c751e8b465ee728b) (PreviewImporter) -> (artifact id: '815f940c8cdf9a817fe0afe3f57184d6') in 0.0448283 seconds
Number of updated asset objects reloaded before import = 0Number of asset objects unloaded after import = 3

========================================================================
Received Import Request.
  Time since last request: 0.024711 seconds.
  path: Assets/LUTE_Starter Scenes/Sprites/CharacterHeads/Animals/Round without details/parrot.png
  artifactKey: Guid(84486a0d8fc7014458926150bc573b65) Importer(815301076,1909f56bfc062723c751e8b465ee728b)
Start importing Assets/LUTE_Starter Scenes/Sprites/CharacterHeads/Animals/Round without details/parrot.png using Guid(84486a0d8fc7014458926150bc573b65) Importer(815301076,1909f56bfc062723c751e8b465ee728b) (PreviewImporter) -> (artifact id: '01e37ce2a3c7c83fe8f88d6292b1866b') in 0.038076 seconds
Number of updated asset objects reloaded before import = 0Number of asset objects unloaded after import = 3

========================================================================
Received Import Request.
  Time since last request: 0.028121 seconds.
  path: Assets/LUTE_Starter Scenes/Sprites/CharacterHeads/Animals/Square/parrot.png
  artifactKey: Guid(a9dae377ce2b7cf4ba72955826cf0c19) Importer(815301076,1909f56bfc062723c751e8b465ee728b)
Start importing Assets/LUTE_Starter Scenes/Sprites/CharacterHeads/Animals/Square/parrot.png using Guid(a9dae377ce2b7cf4ba72955826cf0c19) Importer(815301076,1909f56bfc062723c751e8b465ee728b) (PreviewImporter) -> (artifact id: '3b2d31184b5d555e60a20d09140c100d') in 0.0583464 seconds
Number of updated asset objects reloaded before import = 0Number of asset objects unloaded after import = 3

========================================================================
Received Import Request.
  Time since last request: 0.446234 seconds.
  path: Assets/LUTE_Starter Scenes/Sprites/CharacterHeads/Animals/Square without details/parrot.png
  artifactKey: Guid(8dce4cdc7b4cb5444b041deab8324db5) Importer(815301076,1909f56bfc062723c751e8b465ee728b)
Start importing Assets/LUTE_Starter Scenes/Sprites/CharacterHeads/Animals/Square without details/parrot.png using Guid(8dce4cdc7b4cb5444b041deab8324db5) Importer(815301076,1909f56bfc062723c751e8b465ee728b) (PreviewImporter) -> (artifact id: '5bd4d5ec39113ef08623b7f7d55d93bf') in 0.0941115 seconds
Number of updated asset objects reloaded before import = 0Number of asset objects unloaded after import = 3

========================================================================
Received Import Request.
  Time since last request: 0.141744 seconds.
  path: Assets/LUTE_Starter Scenes/Sprites/CharacterHeads/Animals/Round without details (outline)/parrot.png
  artifactKey: Guid(b30ff398c8a60cd43b6b1cc0cf7672c6) Importer(815301076,1909f56bfc062723c751e8b465ee728b)
Start importing Assets/LUTE_Starter Scenes/Sprites/CharacterHeads/Animals/Round without details (outline)/parrot.png using Guid(b30ff398c8a60cd43b6b1cc0cf7672c6) Importer(815301076,1909f56bfc062723c751e8b465ee728b) (PreviewImporter) -> (artifact id: 'edc1b9fd9fd1a66ac4b4d072d25a1cb5') in 0.1851945 seconds
Number of updated asset objects reloaded before import = 0Number of asset objects unloaded after import = 3

========================================================================
Received Import Request.
  Time since last request: 0.026391 seconds.
  path: Assets/LUTE_Starter Scenes/Sprites/CharacterHeads/Animals/Square without details (outline)/penguin.png
  artifactKey: Guid(84dbffa519ef9934093284e5329e0571) Importer(815301076,1909f56bfc062723c751e8b465ee728b)
Start importing Assets/LUTE_Starter Scenes/Sprites/CharacterHeads/Animals/Square without details (outline)/penguin.png using Guid(84dbffa519ef9934093284e5329e0571) Importer(815301076,1909f56bfc062723c751e8b465ee728b) (PreviewImporter) -> (artifact id: '0062e911408391ee466667794440d57d') in 0.02612 seconds
Number of updated asset objects reloaded before import = 0Number of asset objects unloaded after import = 3

========================================================================
Received Import Request.
  Time since last request: 1.151755 seconds.
  path: Assets/LUTE_Starter Scenes/Sprites/CharacterHeads/Animals/Round (outline)/penguin.png
  artifactKey: Guid(5bb71dddc019a784d8eb0ed766e3dda0) Importer(815301076,1909f56bfc062723c751e8b465ee728b)
Start importing Assets/LUTE_Starter Scenes/Sprites/CharacterHeads/Animals/Round (outline)/penguin.png using Guid(5bb71dddc019a784d8eb0ed766e3dda0) Importer(815301076,1909f56bfc062723c751e8b465ee728b) (PreviewImporter) -> (artifact id: '20cd658bde46edc16cde7d57e10f839f') in 0.0149263 seconds
Number of updated asset objects reloaded before import = 0Number of asset objects unloaded after import = 3

========================================================================
Received Import Request.
  Time since last request: 0.026754 seconds.
  path: Assets/LUTE_Starter Scenes/Sprites/CharacterHeads/Animals/Square without details/penguin.png
  artifactKey: Guid(ffd28d174824fa94c92f4b483a9d1ff9) Importer(815301076,1909f56bfc062723c751e8b465ee728b)
Start importing Assets/LUTE_Starter Scenes/Sprites/CharacterHeads/Animals/Square without details/penguin.png using Guid(ffd28d174824fa94c92f4b483a9d1ff9) Importer(815301076,1909f56bfc062723c751e8b465ee728b) (PreviewImporter) -> (artifact id: '50d593e6e425318a14ef9aabb283b8b9') in 0.023612 seconds
Number of updated asset objects reloaded before import = 0Number of asset objects unloaded after import = 3

========================================================================
Received Import Request.
  Time since last request: 0.119603 seconds.
  path: Assets/Mapbox/Examples/Resources/maki/pharmacy-15.png
  artifactKey: Guid(50167a422193d5546ba8c8163c00072e) Importer(815301076,1909f56bfc062723c751e8b465ee728b)
Start importing Assets/Mapbox/Examples/Resources/maki/pharmacy-15.png using Guid(50167a422193d5546ba8c8163c00072e) Importer(815301076,1909f56bfc062723c751e8b465ee728b) (PreviewImporter) -> (artifact id: 'f3d270b1bb1a104ba8c6d18b04432995') in 0.0133201 seconds
Number of updated asset objects reloaded before import = 0Number of asset objects unloaded after import = 3

========================================================================
Received Import Request.
  Time since last request: 0.004122 seconds.
  path: Assets/Mapbox/Examples/Resources/maki/picnic-site-15.png
  artifactKey: Guid(02f22550a6c605b4da2b131dcb19816b) Importer(815301076,1909f56bfc062723c751e8b465ee728b)
Start importing Assets/Mapbox/Examples/Resources/maki/picnic-site-15.png using Guid(02f22550a6c605b4da2b131dcb19816b) Importer(815301076,1909f56bfc062723c751e8b465ee728b) (PreviewImporter) -> (artifact id: '45cb9174607acb086ea6c2a47cd0ee76') in 0.062313 seconds
Number of updated asset objects reloaded before import = 0Number of asset objects unloaded after import = 3

========================================================================
Received Import Request.
  Time since last request: 0.058659 seconds.
  path: Assets/LUTE_Starter Scenes/Sprites/CharacterHeads/Animals/Round (outline)/pig.png
  artifactKey: Guid(7b1989db28e31c74b996fd9aece84fd9) Importer(815301076,1909f56bfc062723c751e8b465ee728b)
Start importing Assets/LUTE_Starter Scenes/Sprites/CharacterHeads/Animals/Round (outline)/pig.png using Guid(7b1989db28e31c74b996fd9aece84fd9) Importer(815301076,1909f56bfc062723c751e8b465ee728b) (PreviewImporter) -> (artifact id: 'ba2a49c345bed8957631cf0d74649c11') in 0.0280414 seconds
Number of updated asset objects reloaded before import = 0Number of asset objects unloaded after import = 3

========================================================================
Received Import Request.
  Time since last request: 0.697557 seconds.
  path: Assets/LUTE_Starter Scenes/Sprites/CharacterHeads/Animals/Round without details/pig.png
  artifactKey: Guid(6d4f561df5de2564097d4fcfcdfa191e) Importer(815301076,1909f56bfc062723c751e8b465ee728b)
Start importing Assets/LUTE_Starter Scenes/Sprites/CharacterHeads/Animals/Round without details/pig.png using Guid(6d4f561df5de2564097d4fcfcdfa191e) Importer(815301076,1909f56bfc062723c751e8b465ee728b) (PreviewImporter) -> (artifact id: '85dcda321b5229eef21c55e51229edc1') in 0.0610846 seconds
Number of updated asset objects reloaded before import = 0Number of asset objects unloaded after import = 3

========================================================================
Received Import Request.
  Time since last request: 0.065521 seconds.
  path: Assets/LUTE_Starter Scenes/Sprites/CharacterHeads/Animals/Square/pig.png
  artifactKey: Guid(fe95378070148924893a494d8f664bd2) Importer(815301076,1909f56bfc062723c751e8b465ee728b)
Start importing Assets/LUTE_Starter Scenes/Sprites/CharacterHeads/Animals/Square/pig.png using Guid(fe95378070148924893a494d8f664bd2) Importer(815301076,1909f56bfc062723c751e8b465ee728b) (PreviewImporter) -> (artifact id: 'fd6d7765c77e40d581155f3a003fb90b') in 0.1172838 seconds
Number of updated asset objects reloaded before import = 0Number of asset objects unloaded after import = 3

========================================================================
Received Import Request.
  Time since last request: 0.030161 seconds.
  path: Assets/LUTE_Starter Scenes/Sprites/CharacterHeads/Animals/Square without details/pig.png
  artifactKey: Guid(cfa8f23026dc412478da5387a5664c1c) Importer(815301076,1909f56bfc062723c751e8b465ee728b)
Start importing Assets/LUTE_Starter Scenes/Sprites/CharacterHeads/Animals/Square without details/pig.png using Guid(cfa8f23026dc412478da5387a5664c1c) Importer(815301076,1909f56bfc062723c751e8b465ee728b) (PreviewImporter) -> (artifact id: '13c7f8627b48f0a879fcf4383d0c20f0') in 0.0489117 seconds
Number of updated asset objects reloaded before import = 0Number of asset objects unloaded after import = 3

========================================================================
Received Import Request.
  Time since last request: 0.048873 seconds.
  path: Assets/LUTE_Starter Scenes/Sprites/CharacterHeads/Animals/Square without details (outline)/pig.png
  artifactKey: Guid(294beb8c0666bbf4d8e8b544145228ae) Importer(815301076,1909f56bfc062723c751e8b465ee728b)
Start importing Assets/LUTE_Starter Scenes/Sprites/CharacterHeads/Animals/Square without details (outline)/pig.png using Guid(294beb8c0666bbf4d8e8b544145228ae) Importer(815301076,1909f56bfc062723c751e8b465ee728b) (PreviewImporter) -> (artifact id: 'dff258a57fa74647a562aaae7e943af5') in 0.0360354 seconds
Number of updated asset objects reloaded before import = 0Number of asset objects unloaded after import = 3

========================================================================
Received Import Request.
  Time since last request: 0.022593 seconds.
  path: Assets/Mapbox/Examples/Resources/maki/pitch-15.png
  artifactKey: Guid(314c2e3662ce91f4286a32ff0c49d128) Importer(815301076,1909f56bfc062723c751e8b465ee728b)
Start importing Assets/Mapbox/Examples/Resources/maki/pitch-15.png using Guid(314c2e3662ce91f4286a32ff0c49d128) Importer(815301076,1909f56bfc062723c751e8b465ee728b) (PreviewImporter) -> (artifact id: 'c8eb34477b98185ba458778a51fae3d9') in 0.0612836 seconds
Number of updated asset objects reloaded before import = 0Number of asset objects unloaded after import = 3

========================================================================
Received Import Request.
  Time since last request: 0.393751 seconds.
  path: Assets/LUTE_Starter Scenes/Scenes/Games/DesignerCreated/Testing/AlbertoDemo/Sprites/Icons/Geotags/playerview-64.png
  artifactKey: Guid(f746c34709d7abb4e8da81d3f64cc990) Importer(815301076,1909f56bfc062723c751e8b465ee728b)
Start importing Assets/LUTE_Starter Scenes/Scenes/Games/DesignerCreated/Testing/AlbertoDemo/Sprites/Icons/Geotags/playerview-64.png using Guid(f746c34709d7abb4e8da81d3f64cc990) Importer(815301076,1909f56bfc062723c751e8b465ee728b) (PreviewImporter) -> (artifact id: '05e21af430c663fee5f2cb46cda126de') in 0.0509114 seconds
Number of updated asset objects reloaded before import = 0Number of asset objects unloaded after import = 3

========================================================================
Received Import Request.
  Time since last request: 0.092009 seconds.
  path: Assets/Mapbox/Examples/Resources/maki/playground-15.png
  artifactKey: Guid(7f10afd7e5ab4bc49a14777ba3555195) Importer(815301076,1909f56bfc062723c751e8b465ee728b)
Start importing Assets/Mapbox/Examples/Resources/maki/playground-15.png using Guid(7f10afd7e5ab4bc49a14777ba3555195) Importer(815301076,1909f56bfc062723c751e8b465ee728b) (PreviewImporter) -> (artifact id: 'bc24e18a3d672d683062fe6a584c097a') in 0.1099526 seconds
Number of updated asset objects reloaded before import = 0Number of asset objects unloaded after import = 3

========================================================================
Received Import Request.
  Time since last request: 0.293475 seconds.
  path: Assets/Mapbox/Examples/3_POIPlacement/Resources/poi-icon-arts.png
  artifactKey: Guid(808e85b573ffd4216a301aa2c9e1293f) Importer(815301076,1909f56bfc062723c751e8b465ee728b)
Start importing Assets/Mapbox/Examples/3_POIPlacement/Resources/poi-icon-arts.png using Guid(808e85b573ffd4216a301aa2c9e1293f) Importer(815301076,1909f56bfc062723c751e8b465ee728b) (PreviewImporter) -> (artifact id: '1239be974001f7efdf63dfe285536d9e') in 0.0589078 seconds
Number of updated asset objects reloaded before import = 0Number of asset objects unloaded after import = 3

========================================================================
Received Import Request.
  Time since last request: 0.023966 seconds.
  path: Assets/Mapbox/Examples/3_POIPlacement/Resources/poi-icon-food.png
  artifactKey: Guid(b9cd915d8be92437c936b03eedf3631c) Importer(815301076,1909f56bfc062723c751e8b465ee728b)
Start importing Assets/Mapbox/Examples/3_POIPlacement/Resources/poi-icon-food.png using Guid(b9cd915d8be92437c936b03eedf3631c) Importer(815301076,1909f56bfc062723c751e8b465ee728b) (PreviewImporter) -> (artifact id: '913941a76a6e39e11b212a4bb6691d9b') in 0.0209171 seconds
Number of updated asset objects reloaded before import = 0Number of asset objects unloaded after import = 3

========================================================================
Received Import Request.
  Time since last request: 0.017850 seconds.
  path: Assets/Mapbox/Examples/3_POIPlacement/Resources/poi-icon-outdoors.png
  artifactKey: Guid(08d14ec5687ea47fcb3de9ac267391b5) Importer(815301076,1909f56bfc062723c751e8b465ee728b)
Start importing Assets/Mapbox/Examples/3_POIPlacement/Resources/poi-icon-outdoors.png using Guid(08d14ec5687ea47fcb3de9ac267391b5) Importer(815301076,1909f56bfc062723c751e8b465ee728b) (PreviewImporter) -> (artifact id: 'd944ed7b095b74019e45cd2bddd41ae9') in 0.0400511 seconds
Number of updated asset objects reloaded before import = 0Number of asset objects unloaded after import = 3

========================================================================
Received Import Request.
  Time since last request: 0.087471 seconds.
  path: Assets/Mapbox/Examples/3_POIPlacement/Resources/poi-icon-transportation.png
  artifactKey: Guid(fec5572521f52453397f564f556c168e) Importer(815301076,1909f56bfc062723c751e8b465ee728b)
Start importing Assets/Mapbox/Examples/3_POIPlacement/Resources/poi-icon-transportation.png using Guid(fec5572521f52453397f564f556c168e) Importer(815301076,1909f56bfc062723c751e8b465ee728b) (PreviewImporter) -> (artifact id: '3d163a1c1c524ab80530304456353c3f') in 0.0148443 seconds
Number of updated asset objects reloaded before import = 0Number of asset objects unloaded after import = 3

========================================================================
Received Import Request.
  Time since last request: 0.033571 seconds.
  path: Assets/Mapbox/Examples/3_POIPlacement/Screenshots/POIPlacement.png
  artifactKey: Guid(c2103bdd982e845a0a07bc8ee6649a17) Importer(815301076,1909f56bfc062723c751e8b465ee728b)
Start importing Assets/Mapbox/Examples/3_POIPlacement/Screenshots/POIPlacement.png using Guid(c2103bdd982e845a0a07bc8ee6649a17) Importer(815301076,1909f56bfc062723c751e8b465ee728b) (PreviewImporter) -> (artifact id: '89c5bf4641285f89666b94e08c7f2060') in 0.0153383 seconds
Number of updated asset objects reloaded before import = 0Number of asset objects unloaded after import = 3

========================================================================
Received Import Request.
  Time since last request: 0.178762 seconds.
  path: Assets/LUTE_Starter Scenes/Scenes/Games/DesignerCreated/Testing/AlbertoDemo/Sprites/Portraits/portrait_clara.png
  artifactKey: Guid(a035b6a7a5fd0f84badccd8e27bf6c8d) Importer(815301076,1909f56bfc062723c751e8b465ee728b)
Start importing Assets/LUTE_Starter Scenes/Scenes/Games/DesignerCreated/Testing/AlbertoDemo/Sprites/Portraits/portrait_clara.png using Guid(a035b6a7a5fd0f84badccd8e27bf6c8d) Importer(815301076,1909f56bfc062723c751e8b465ee728b) (PreviewImporter) -> (artifact id: 'd6a340243fb771811dec58e8767b1ef4') in 0.1180058 seconds
Number of updated asset objects reloaded before import = 0Number of asset objects unloaded after import = 3

========================================================================
Received Import Request.
  Time since last request: 0.040202 seconds.
  path: Assets/LUTE_Starter Scenes/Scenes/Games/DesignerCreated/Testing/AlbertoDemo/Sprites/Portraits/portrait_finley.png
  artifactKey: Guid(68a9f8b4ebb003448be3ea2893944cb3) Importer(815301076,1909f56bfc062723c751e8b465ee728b)
Start importing Assets/LUTE_Starter Scenes/Scenes/Games/DesignerCreated/Testing/AlbertoDemo/Sprites/Portraits/portrait_finley.png using Guid(68a9f8b4ebb003448be3ea2893944cb3) Importer(815301076,1909f56bfc062723c751e8b465ee728b) (PreviewImporter) -> (artifact id: 'c3953ba2569e683774084cff20285536') in 0.2681129 seconds
Number of updated asset objects reloaded before import = 0Number of asset objects unloaded after import = 3

========================================================================
Received Import Request.
  Time since last request: 0.000020 seconds.
  path: Assets/LUTE_Starter Scenes/Scenes/Games/DesignerCreated/Testing/AlbertoDemo/Sprites/Portraits/portrait_mia.png
  artifactKey: Guid(4a7a4ed9861510b4e8e311a854410ef3) Importer(815301076,1909f56bfc062723c751e8b465ee728b)
Start importing Assets/LUTE_Starter Scenes/Scenes/Games/DesignerCreated/Testing/AlbertoDemo/Sprites/Portraits/portrait_mia.png using Guid(4a7a4ed9861510b4e8e311a854410ef3) Importer(815301076,1909f56bfc062723c751e8b465ee728b) (PreviewImporter) -> (artifact id: 'a1b62a4736c1024a9e24846c476c6e93') in 0.0915488 seconds
Number of updated asset objects reloaded before import = 0Number of asset objects unloaded after import = 3

========================================================================
Received Import Request.
  Time since last request: 0.012303 seconds.
  path: Assets/Mapbox/Examples/Resources/maki/post-15.png
  artifactKey: Guid(575593649cbd10747a88c83884d81fe9) Importer(815301076,1909f56bfc062723c751e8b465ee728b)
Start importing Assets/Mapbox/Examples/Resources/maki/post-15.png using Guid(575593649cbd10747a88c83884d81fe9) Importer(815301076,1909f56bfc062723c751e8b465ee728b) (PreviewImporter) -> (artifact id: '223f994e06954b46953401ea0762fc0c') in 0.0136274 seconds
Number of updated asset objects reloaded before import = 0Number of asset objects unloaded after import = 3

========================================================================
Received Import Request.
  Time since last request: 0.034118 seconds.
  path: Assets/LUTE/ThirdPartyAssets/LeanTween/Examples/Textures/PowerUpStar.png
  artifactKey: Guid(70141d51621e24facbca9196bbde84b4) Importer(815301076,1909f56bfc062723c751e8b465ee728b)
Start importing Assets/LUTE/ThirdPartyAssets/LeanTween/Examples/Textures/PowerUpStar.png using Guid(70141d51621e24facbca9196bbde84b4) Importer(815301076,1909f56bfc062723c751e8b465ee728b) (PreviewImporter) -> (artifact id: '215294f9ba9c1767aea33ef790630081') in 0.0341245 seconds
Number of updated asset objects reloaded before import = 0Number of asset objects unloaded after import = 3

========================================================================
Received Import Request.
  Time since last request: 0.225212 seconds.
  path: Assets/Mapbox/Examples/Resources/maki/prison-15.png
  artifactKey: Guid(206aeb4e19e242545817b0c560f5d1f7) Importer(815301076,1909f56bfc062723c751e8b465ee728b)
Start importing Assets/Mapbox/Examples/Resources/maki/prison-15.png using Guid(206aeb4e19e242545817b0c560f5d1f7) Importer(815301076,1909f56bfc062723c751e8b465ee728b) (PreviewImporter) -> (artifact id: '5af5ab1fc4704144c3bd77a94cc3bce8') in 0.0322917 seconds
Number of updated asset objects reloaded before import = 0Number of asset objects unloaded after import = 3

========================================================================
Received Import Request.
  Time since last request: 0.084206 seconds.
  path: Assets/LUTE/EditorResources/Textures/process_node_off.png
  artifactKey: Guid(cf56557b651f6484c9208b503be9ca71) Importer(815301076,1909f56bfc062723c751e8b465ee728b)
Start importing Assets/LUTE/EditorResources/Textures/process_node_off.png using Guid(cf56557b651f6484c9208b503be9ca71) Importer(815301076,1909f56bfc062723c751e8b465ee728b) (PreviewImporter) -> (artifact id: '03adae98265cbd8043b3e148a7597849') in 0.2635169 seconds
Number of updated asset objects reloaded before import = 0Number of asset objects unloaded after import = 3

========================================================================
Received Import Request.
  Time since last request: 0.806141 seconds.
  path: Assets/LUTE_Starter Scenes/Scenes/Games/DesignerCreated/Testing/AlbertoDemo/Sprites/Icons/Geotags/progress100.png
  artifactKey: Guid(b12bc87b9014bcf4987d81a3b7faa003) Importer(815301076,1909f56bfc062723c751e8b465ee728b)
Start importing Assets/LUTE_Starter Scenes/Scenes/Games/DesignerCreated/Testing/AlbertoDemo/Sprites/Icons/Geotags/progress100.png using Guid(b12bc87b9014bcf4987d81a3b7faa003) Importer(815301076,1909f56bfc062723c751e8b465ee728b) (PreviewImporter) -> (artifact id: '7ad4179f73c3acc073033520fd3c74ce') in 0.0911925 seconds
Number of updated asset objects reloaded before import = 0Number of asset objects unloaded after import = 3

========================================================================
Received Import Request.
  Time since last request: 0.026311 seconds.
  path: Assets/LUTE/Resources/Textures/qouteBox.png
  artifactKey: Guid(24b2ea75dd580804180127e8f4050d9e) Importer(815301076,1909f56bfc062723c751e8b465ee728b)
Start importing Assets/LUTE/Resources/Textures/qouteBox.png using Guid(24b2ea75dd580804180127e8f4050d9e) Importer(815301076,1909f56bfc062723c751e8b465ee728b) (PreviewImporter) -> (artifact id: 'daaefce0e6cfb57b015ce9d0aeb1abfe') in 0.1188184 seconds
Number of updated asset objects reloaded before import = 0Number of asset objects unloaded after import = 3

========================================================================
Received Import Request.
  Time since last request: 0.257865 seconds.
  path: Assets/LUTE_Starter Scenes/Sprites/CharacterHeads/Animals/Square without details (outline)/rabbit.png
  artifactKey: Guid(afe701c4b23518f409773297a7323c4d) Importer(815301076,1909f56bfc062723c751e8b465ee728b)
Start importing Assets/LUTE_Starter Scenes/Sprites/CharacterHeads/Animals/Square without details (outline)/rabbit.png using Guid(afe701c4b23518f409773297a7323c4d) Importer(815301076,1909f56bfc062723c751e8b465ee728b) (PreviewImporter) -> (artifact id: '4861c7241829aefbf6a73c01d38f63af') in 0.0283359 seconds
Number of updated asset objects reloaded before import = 0Number of asset objects unloaded after import = 3

========================================================================
Received Import Request.
  Time since last request: 0.015406 seconds.
  path: Assets/LUTE_Starter Scenes/Sprites/CharacterHeads/Animals/Round/rabbit.png
  artifactKey: Guid(e01465a4048390045822af46cd462669) Importer(815301076,1909f56bfc062723c751e8b465ee728b)
Start importing Assets/LUTE_Starter Scenes/Sprites/CharacterHeads/Animals/Round/rabbit.png using Guid(e01465a4048390045822af46cd462669) Importer(815301076,1909f56bfc062723c751e8b465ee728b) (PreviewImporter) -> (artifact id: '6d19a6d83bf5c0ae1fc41ba83f10b525') in 0.0305273 seconds
Number of updated asset objects reloaded before import = 0Number of asset objects unloaded after import = 3

========================================================================
Received Import Request.
  Time since last request: 0.760069 seconds.
  path: Assets/LUTE_Starter Scenes/Sprites/CharacterHeads/Animals/Round (outline)/rabbit.png
  artifactKey: Guid(03b8362c66dbd4f4a8f4a3bea7dee82a) Importer(815301076,1909f56bfc062723c751e8b465ee728b)
Start importing Assets/LUTE_Starter Scenes/Sprites/CharacterHeads/Animals/Round (outline)/rabbit.png using Guid(03b8362c66dbd4f4a8f4a3bea7dee82a) Importer(815301076,1909f56bfc062723c751e8b465ee728b) (PreviewImporter) -> (artifact id: '22441dd9b0896a8672da36ecfd796673') in 0.0155177 seconds
Number of updated asset objects reloaded before import = 0Number of asset objects unloaded after import = 3

========================================================================
Received Import Request.
  Time since last request: 0.031584 seconds.
  path: Assets/LUTE_Starter Scenes/Sprites/CharacterHeads/Animals/Round without details/rabbit.png
  artifactKey: Guid(2862979c20d0ab947ba2bf9482e0f86c) Importer(815301076,1909f56bfc062723c751e8b465ee728b)
Start importing Assets/LUTE_Starter Scenes/Sprites/CharacterHeads/Animals/Round without details/rabbit.png using Guid(2862979c20d0ab947ba2bf9482e0f86c) Importer(815301076,1909f56bfc062723c751e8b465ee728b) (PreviewImporter) -> (artifact id: 'd3b9145c854ab5c8691a18a546dac725') in 0.0146019 seconds
Number of updated asset objects reloaded before import = 0Number of asset objects unloaded after import = 3

========================================================================
Received Import Request.
  Time since last request: 0.020375 seconds.
  path: Assets/LUTE_Starter Scenes/Sprites/CharacterHeads/Animals/Round without details (outline)/rabbit.png
  artifactKey: Guid(15bc040c816a25245bfac48b8cd669a3) Importer(815301076,1909f56bfc062723c751e8b465ee728b)
Start importing Assets/LUTE_Starter Scenes/Sprites/CharacterHeads/Animals/Round without details (outline)/rabbit.png using Guid(15bc040c816a25245bfac48b8cd669a3) Importer(815301076,1909f56bfc062723c751e8b465ee728b) (PreviewImporter) -> (artifact id: '99342151cfe3146390ff29b7c480682f') in 0.0727577 seconds
Number of updated asset objects reloaded before import = 0Number of asset objects unloaded after import = 3

========================================================================
Received Import Request.
  Time since last request: 0.011122 seconds.
  path: Assets/LUTE_Starter Scenes/Sprites/CharacterHeads/Animals/Square without details/rabbit.png
  artifactKey: Guid(d1cc158fc86a2cb48aa1aefa505a7302) Importer(815301076,1909f56bfc062723c751e8b465ee728b)
Start importing Assets/LUTE_Starter Scenes/Sprites/CharacterHeads/Animals/Square without details/rabbit.png using Guid(d1cc158fc86a2cb48aa1aefa505a7302) Importer(815301076,1909f56bfc062723c751e8b465ee728b) (PreviewImporter) -> (artifact id: '12d9fbe4d5a45214172e07b860764a67') in 0.0135542 seconds
Number of updated asset objects reloaded before import = 0Number of asset objects unloaded after import = 3

========================================================================
Received Import Request.
  Time since last request: 0.033710 seconds.
  path: Assets/Mapbox/Examples/Resources/maki/rail-15.png
  artifactKey: Guid(8d57544bec7e2c34fa61c15afe16e9bf) Importer(815301076,1909f56bfc062723c751e8b465ee728b)
Start importing Assets/Mapbox/Examples/Resources/maki/rail-15.png using Guid(8d57544bec7e2c34fa61c15afe16e9bf) Importer(815301076,1909f56bfc062723c751e8b465ee728b) (PreviewImporter) -> (artifact id: '9d32b943bd512a858be86781e27be1fb') in 0.016083 seconds
Number of updated asset objects reloaded before import = 0Number of asset objects unloaded after import = 3

========================================================================
Received Import Request.
  Time since last request: 0.777687 seconds.
  path: Assets/Mapbox/Examples/Resources/maki/rail-light-15.png
  artifactKey: Guid(c7d01cb3a3849984db1e0e6dea66fc47) Importer(815301076,1909f56bfc062723c751e8b465ee728b)
Start importing Assets/Mapbox/Examples/Resources/maki/rail-light-15.png using Guid(c7d01cb3a3849984db1e0e6dea66fc47) Importer(815301076,1909f56bfc062723c751e8b465ee728b) (PreviewImporter) -> (artifact id: '1bfcecea8cbc040ca4ce4b6cc12750af') in 0.1292601 seconds
Number of updated asset objects reloaded before import = 0Number of asset objects unloaded after import = 3

========================================================================
Received Import Request.
  Time since last request: 0.034313 seconds.
  path: Assets/Mapbox/Examples/Resources/maki/religious-jewish-15.png
  artifactKey: Guid(a4f9d53ca33c92a4e85a53dcf2bcf83c) Importer(815301076,1909f56bfc062723c751e8b465ee728b)
Start importing Assets/Mapbox/Examples/Resources/maki/religious-jewish-15.png using Guid(a4f9d53ca33c92a4e85a53dcf2bcf83c) Importer(815301076,1909f56bfc062723c751e8b465ee728b) (PreviewImporter) -> (artifact id: '7c6746184b6439f8a47f46f2cb00eaed') in 0.0205209 seconds
Number of updated asset objects reloaded before import = 0Number of asset objects unloaded after import = 3

========================================================================
Received Import Request.
  Time since last request: 0.397094 seconds.
  path: Assets/Mapbox/Examples/Resources/maki/religious-muslim-15.png
  artifactKey: Guid(b53bccd9065361e45b022c2778c6cdf7) Importer(815301076,1909f56bfc062723c751e8b465ee728b)
Start importing Assets/Mapbox/Examples/Resources/maki/religious-muslim-15.png using Guid(b53bccd9065361e45b022c2778c6cdf7) Importer(815301076,1909f56bfc062723c751e8b465ee728b) (PreviewImporter) -> (artifact id: 'c29ff5cb651274a3cd3819d18bc8e019') in 0.0146548 seconds
Number of updated asset objects reloaded before import = 0Number of asset objects unloaded after import = 3

========================================================================
Received Import Request.
  Time since last request: 0.024104 seconds.
  path: Assets/LUTE/EditorResources/Icons/remove.png
  artifactKey: Guid(432d9822191ea3244bdabb883af3541f) Importer(815301076,1909f56bfc062723c751e8b465ee728b)
Start importing Assets/LUTE/EditorResources/Icons/remove.png using Guid(432d9822191ea3244bdabb883af3541f) Importer(815301076,1909f56bfc062723c751e8b465ee728b) (PreviewImporter) -> (artifact id: '2336e2c848b11f3739e2d3dca559fba1') in 0.0942588 seconds
Number of updated asset objects reloaded before import = 0Number of asset objects unloaded after import = 3

========================================================================
Received Import Request.
  Time since last request: 0.405199 seconds.
  path: Assets/LUTE/Resources/Textures/SaveSystem/Outline/restartOutline.png
  artifactKey: Guid(33de3431f96616f40aae4ac14670237e) Importer(815301076,1909f56bfc062723c751e8b465ee728b)
Start importing Assets/LUTE/Resources/Textures/SaveSystem/Outline/restartOutline.png using Guid(33de3431f96616f40aae4ac14670237e) Importer(815301076,1909f56bfc062723c751e8b465ee728b) (PreviewImporter) -> (artifact id: 'f6d04265e8d614fa84d3090dab56fb4e') in 0.0615341 seconds
Number of updated asset objects reloaded before import = 0Number of asset objects unloaded after import = 3

========================================================================
Received Import Request.
  Time since last request: 0.016011 seconds.
  path: Assets/Custom Prefabs/Resources/Ring Bar.png
  artifactKey: Guid(8362f44898d41da48afcd84a56ba5d2d) Importer(815301076,1909f56bfc062723c751e8b465ee728b)
Start importing Assets/Custom Prefabs/Resources/Ring Bar.png using Guid(8362f44898d41da48afcd84a56ba5d2d) Importer(815301076,1909f56bfc062723c751e8b465ee728b) (PreviewImporter) -> (artifact id: '22371c1c67fffaf541635ac5e2fa8f4f') in 0.1206558 seconds
Number of updated asset objects reloaded before import = 0Number of asset objects unloaded after import = 3

========================================================================
Received Import Request.
  Time since last request: 0.000023 seconds.
  path: Assets/Mapbox/Examples/Resources/maki/rocket-15.png
  artifactKey: Guid(ba811397e931c754dac7b750dc6a0092) Importer(815301076,1909f56bfc062723c751e8b465ee728b)
Start importing Assets/Mapbox/Examples/Resources/maki/rocket-15.png using Guid(ba811397e931c754dac7b750dc6a0092) Importer(815301076,1909f56bfc062723c751e8b465ee728b) (PreviewImporter) -> (artifact id: 'd870a6d54824e32779a62feef61d35af') in 0.0231107 seconds
Number of updated asset objects reloaded before import = 0Number of asset objects unloaded after import = 3

========================================================================
Received Import Request.
  Time since last request: 0.070430 seconds.
  path: Assets/LUTE/Resources/Textures/SaveSystem/Colour/saveColour.png
  artifactKey: Guid(a1659eff3d8dfb44e8fb47b7142587ea) Importer(815301076,1909f56bfc062723c751e8b465ee728b)
Start importing Assets/LUTE/Resources/Textures/SaveSystem/Colour/saveColour.png using Guid(a1659eff3d8dfb44e8fb47b7142587ea) Importer(815301076,1909f56bfc062723c751e8b465ee728b) (PreviewImporter) -> (artifact id: '12f752699c577e97c10e43b4e7669d5e') in 0.0630075 seconds
Number of updated asset objects reloaded before import = 0Number of asset objects unloaded after import = 3

========================================================================
Received Import Request.
  Time since last request: 0.074330 seconds.
  path: Assets/LUTE/ThirdPartyAssets/Feel/MMFeedbacks/Editor/Sequencing/Resources/SequencerButtonBackground.png
  artifactKey: Guid(e802b29e86b4ef74abe728250ecaf37c) Importer(815301076,1909f56bfc062723c751e8b465ee728b)
Start importing Assets/LUTE/ThirdPartyAssets/Feel/MMFeedbacks/Editor/Sequencing/Resources/SequencerButtonBackground.png using Guid(e802b29e86b4ef74abe728250ecaf37c) Importer(815301076,1909f56bfc062723c751e8b465ee728b) (PreviewImporter) -> (artifact id: 'd8d0567ee450f93b8ef589db5fe99da1') in 0.0125649 seconds
Number of updated asset objects reloaded before import = 0Number of asset objects unloaded after import = 3

========================================================================
Received Import Request.
  Time since last request: 0.026492 seconds.
  path: Assets/Mapbox/Examples/Resources/maki/shelter-15.png
  artifactKey: Guid(607390fa910fade45aa98f83f6e34951) Importer(815301076,1909f56bfc062723c751e8b465ee728b)
Start importing Assets/Mapbox/Examples/Resources/maki/shelter-15.png using Guid(607390fa910fade45aa98f83f6e34951) Importer(815301076,1909f56bfc062723c751e8b465ee728b) (PreviewImporter) -> (artifact id: '82bd3973ee6a2051e15890a56ea6bd50') in 0.0135424 seconds
Number of updated asset objects reloaded before import = 0Number of asset objects unloaded after import = 3

========================================================================
Received Import Request.
  Time since last request: 0.024058 seconds.
  path: Assets/Mapbox/Examples/Resources/maki/shop-15.png
  artifactKey: Guid(591053151e5690843a9abd44ebf79681) Importer(815301076,1909f56bfc062723c751e8b465ee728b)
Start importing Assets/Mapbox/Examples/Resources/maki/shop-15.png using Guid(591053151e5690843a9abd44ebf79681) Importer(815301076,1909f56bfc062723c751e8b465ee728b) (PreviewImporter) -> (artifact id: '30775ac73e2741c85ba33722f44fff94') in 0.0163123 seconds
Number of updated asset objects reloaded before import = 0Number of asset objects unloaded after import = 3

========================================================================
Received Import Request.
  Time since last request: 0.316345 seconds.
  path: Assets/LUTE/Resources/Textures/six sided die.png
  artifactKey: Guid(d7128c6cb3e35204187f96ec54319193) Importer(815301076,1909f56bfc062723c751e8b465ee728b)
Start importing Assets/LUTE/Resources/Textures/six sided die.png using Guid(d7128c6cb3e35204187f96ec54319193) Importer(815301076,1909f56bfc062723c751e8b465ee728b) (PreviewImporter) -> (artifact id: 'c1738104ee8e55662278c7688153ee8f') in 0.2251029 seconds
Number of updated asset objects reloaded before import = 0Number of asset objects unloaded after import = 92

========================================================================
Received Import Request.
  Time since last request: 2.113398 seconds.
  path: Assets/Mapbox/Examples/Resources/maki/skiing-15.png
  artifactKey: Guid(66d1cceae098bc24fa8232e4a5eff25e) Importer(815301076,1909f56bfc062723c751e8b465ee728b)
Start importing Assets/Mapbox/Examples/Resources/maki/skiing-15.png using Guid(66d1cceae098bc24fa8232e4a5eff25e) Importer(815301076,1909f56bfc062723c751e8b465ee728b) (PreviewImporter) -> (artifact id: 'f7c013a7ce76a802c8c658b53ea2e3b4') in 0.0419748 seconds
Number of updated asset objects reloaded before import = 0Number of asset objects unloaded after import = 3

========================================================================
Received Import Request.
  Time since last request: 0.058642 seconds.
  path: Assets/LUTE_Starter Scenes/Sprites/CharacterHeads/Animals/Round without details (outline)/slice09_09.png
  artifactKey: Guid(7ad0d17c72a75134da4862b9da1fc7a2) Importer(815301076,1909f56bfc062723c751e8b465ee728b)
Start importing Assets/LUTE_Starter Scenes/Sprites/CharacterHeads/Animals/Round without details (outline)/slice09_09.png using Guid(7ad0d17c72a75134da4862b9da1fc7a2) Importer(815301076,1909f56bfc062723c751e8b465ee728b) (PreviewImporter) -> (artifact id: '1e4a5e7906e9b34e660a2b1720597650') in 0.0720097 seconds
Number of updated asset objects reloaded before import = 0Number of asset objects unloaded after import = 3

========================================================================
Received Import Request.
  Time since last request: 0.068211 seconds.
  path: Assets/LUTE_Starter Scenes/Sprites/CharacterHeads/Animals/Square/snake.png
  artifactKey: Guid(2e224a41edb1f8345ab0e8dffebed773) Importer(815301076,1909f56bfc062723c751e8b465ee728b)
Start importing Assets/LUTE_Starter Scenes/Sprites/CharacterHeads/Animals/Square/snake.png using Guid(2e224a41edb1f8345ab0e8dffebed773) Importer(815301076,1909f56bfc062723c751e8b465ee728b) (PreviewImporter) -> (artifact id: 'b5341b46962afe25eb647e540a0e0ca3') in 0.0181103 seconds
Number of updated asset objects reloaded before import = 0Number of asset objects unloaded after import = 3

========================================================================
Received Import Request.
  Time since last request: 0.011513 seconds.
  path: Assets/Mapbox/Examples/Resources/maki/square-stroked-15.png
  artifactKey: Guid(2990428a352e2884786762733fceca80) Importer(815301076,1909f56bfc062723c751e8b465ee728b)
Start importing Assets/Mapbox/Examples/Resources/maki/square-stroked-15.png using Guid(2990428a352e2884786762733fceca80) Importer(815301076,1909f56bfc062723c751e8b465ee728b) (PreviewImporter) -> (artifact id: 'e1c5ba3c0013ac456f364de6437d2f64') in 0.0696439 seconds
Number of updated asset objects reloaded before import = 0Number of asset objects unloaded after import = 3

========================================================================
Received Import Request.
  Time since last request: 0.055712 seconds.
  path: Assets/Mapbox/Examples/Resources/maki/star-15.png
  artifactKey: Guid(4412d2f8f47b513428b2823fa66d55e5) Importer(815301076,1909f56bfc062723c751e8b465ee728b)
Start importing Assets/Mapbox/Examples/Resources/maki/star-15.png using Guid(4412d2f8f47b513428b2823fa66d55e5) Importer(815301076,1909f56bfc062723c751e8b465ee728b) (PreviewImporter) -> (artifact id: 'c76eac9b6cdd4747148ba687bad38ca8') in 0.0164893 seconds
Number of updated asset objects reloaded before import = 0Number of asset objects unloaded after import = 3

========================================================================
Received Import Request.
  Time since last request: 0.028300 seconds.
  path: Assets/Mapbox/Examples/Resources/maki/star-stroked-15.png
  artifactKey: Guid(8c1b77a0885e16741b9ca566cca795c8) Importer(815301076,1909f56bfc062723c751e8b465ee728b)
Start importing Assets/Mapbox/Examples/Resources/maki/star-stroked-15.png using Guid(8c1b77a0885e16741b9ca566cca795c8) Importer(815301076,1909f56bfc062723c751e8b465ee728b) (PreviewImporter) -> (artifact id: 'e8fa7d116f365c8d06340505eb345637') in 0.0140596 seconds
Number of updated asset objects reloaded before import = 0Number of asset objects unloaded after import = 3

========================================================================
Received Import Request.
  Time since last request: 0.031178 seconds.
  path: Assets/LUTE/EditorResources/Textures/stretchedNode.png
  artifactKey: Guid(a3f3e6bafc7150d478c26bb57838e475) Importer(815301076,1909f56bfc062723c751e8b465ee728b)
Start importing Assets/LUTE/EditorResources/Textures/stretchedNode.png using Guid(a3f3e6bafc7150d478c26bb57838e475) Importer(815301076,1909f56bfc062723c751e8b465ee728b) (PreviewImporter) -> (artifact id: '18f615dd0ed3064d3ef9b5a240aaebe3') in 0.0141097 seconds
Number of updated asset objects reloaded before import = 0Number of asset objects unloaded after import = 3

========================================================================
Received Import Request.
  Time since last request: 0.063522 seconds.
  path: Assets/LUTE_Starter Scenes/Scenes/Games/DesignerCreated/Testing/Stickers/Sprites/Sun.png
  artifactKey: Guid(5e06a4f9a236917438c8161c57807201) Importer(815301076,1909f56bfc062723c751e8b465ee728b)
Start importing Assets/LUTE_Starter Scenes/Scenes/Games/DesignerCreated/Testing/Stickers/Sprites/Sun.png using Guid(5e06a4f9a236917438c8161c57807201) Importer(815301076,1909f56bfc062723c751e8b465ee728b) (PreviewImporter) -> (artifact id: '23a5ac1af4ad73269215180ac0f995ce') in 0.0652919 seconds
Number of updated asset objects reloaded before import = 0Number of asset objects unloaded after import = 3

========================================================================
Received Import Request.
  Time since last request: 0.056845 seconds.
  path: Assets/Mapbox/Examples/Resources/maki/sushi-15.png
  artifactKey: Guid(27a366aade3a7904f86b4538ba21bdd2) Importer(815301076,1909f56bfc062723c751e8b465ee728b)
Start importing Assets/Mapbox/Examples/Resources/maki/sushi-15.png using Guid(27a366aade3a7904f86b4538ba21bdd2) Importer(815301076,1909f56bfc062723c751e8b465ee728b) (PreviewImporter) -> (artifact id: '2abd952b9e9ed6a5da6bde14c3f8d3d4') in 0.0134377 seconds
Number of updated asset objects reloaded before import = 0Number of asset objects unloaded after import = 3

========================================================================
Received Import Request.
  Time since last request: 0.024191 seconds.
  path: Assets/Mapbox/Examples/Resources/maki/swimming-15.png
  artifactKey: Guid(efae5cfb6e53ae8409aecbf7eef40ac1) Importer(815301076,1909f56bfc062723c751e8b465ee728b)
Start importing Assets/Mapbox/Examples/Resources/maki/swimming-15.png using Guid(efae5cfb6e53ae8409aecbf7eef40ac1) Importer(815301076,1909f56bfc062723c751e8b465ee728b) (PreviewImporter) -> (artifact id: '679c0b463ba951107969cd9f73225552') in 0.2362523 seconds
Number of updated asset objects reloaded before import = 0Number of asset objects unloaded after import = 3

========================================================================
Received Import Request.
  Time since last request: 0.000019 seconds.
  path: Assets/Mapbox/Examples/Resources/maki/telephone-15.png
  artifactKey: Guid(ac8cf0225fee67d4f86b968f8ed64468) Importer(815301076,1909f56bfc062723c751e8b465ee728b)
Start importing Assets/Mapbox/Examples/Resources/maki/telephone-15.png using Guid(ac8cf0225fee67d4f86b968f8ed64468) Importer(815301076,1909f56bfc062723c751e8b465ee728b) (PreviewImporter) -> (artifact id: '3b862099010846c3ad240fdd911364fc') in 0.0203414 seconds
Number of updated asset objects reloaded before import = 0Number of asset objects unloaded after import = 3

========================================================================
Received Import Request.
  Time since last request: 0.022117 seconds.
  path: Assets/Mapbox/Examples/Resources/maki/tennis-15.png
  artifactKey: Guid(8d18b54c5e9a44f46a18d7585f895a87) Importer(815301076,1909f56bfc062723c751e8b465ee728b)
Start importing Assets/Mapbox/Examples/Resources/maki/tennis-15.png using Guid(8d18b54c5e9a44f46a18d7585f895a87) Importer(815301076,1909f56bfc062723c751e8b465ee728b) (PreviewImporter) -> (artifact id: '73c3d82b743c8666c7d651a53271f759') in 0.0140462 seconds
Number of updated asset objects reloaded before import = 0Number of asset objects unloaded after import = 3

========================================================================
Received Import Request.
  Time since last request: 0.024890 seconds.
  path: Assets/Mapbox/Examples/Resources/maki/toilet-15.png
  artifactKey: Guid(baa3d11b19b652f40b873bea866fca56) Importer(815301076,1909f56bfc062723c751e8b465ee728b)
Start importing Assets/Mapbox/Examples/Resources/maki/toilet-15.png using Guid(baa3d11b19b652f40b873bea866fca56) Importer(815301076,1909f56bfc062723c751e8b465ee728b) (PreviewImporter) -> (artifact id: 'c874abf87bcbcb8cadf1a67bcd8c7bf2') in 0.0136771 seconds
Number of updated asset objects reloaded before import = 0Number of asset objects unloaded after import = 3

========================================================================
Received Import Request.
  Time since last request: 0.083832 seconds.
  path: Assets/Mapbox/Examples/Resources/maki/triangle-15.png
  artifactKey: Guid(f54f3a126717f974284272da3d701b5b) Importer(815301076,1909f56bfc062723c751e8b465ee728b)
Start importing Assets/Mapbox/Examples/Resources/maki/triangle-15.png using Guid(f54f3a126717f974284272da3d701b5b) Importer(815301076,1909f56bfc062723c751e8b465ee728b) (PreviewImporter) -> (artifact id: 'f037df57d415f7bbc2f8b3145ee56220') in 0.0137388 seconds
Number of updated asset objects reloaded before import = 0Number of asset objects unloaded after import = 3

========================================================================
Received Import Request.
  Time since last request: 0.009763 seconds.
  path: Assets/Mapbox/Examples/Resources/maki/triangle-stroked-15.png
  artifactKey: Guid(46b1eee3e283d73438cf428363f6d37b) Importer(815301076,1909f56bfc062723c751e8b465ee728b)
Start importing Assets/Mapbox/Examples/Resources/maki/triangle-stroked-15.png using Guid(46b1eee3e283d73438cf428363f6d37b) Importer(815301076,1909f56bfc062723c751e8b465ee728b) (PreviewImporter) -> (artifact id: 'deeb0e48839ae74f2b456b6214bbb773') in 0.0219067 seconds
Number of updated asset objects reloaded before import = 0Number of asset objects unloaded after import = 3

========================================================================
Received Import Request.
  Time since last request: 0.046181 seconds.
  path: Assets/Mapbox/Examples/Resources/maki/wetland-15.png
  artifactKey: Guid(be0ba1cde49b24648ba3ec24fae5059b) Importer(815301076,1909f56bfc062723c751e8b465ee728b)
Start importing Assets/Mapbox/Examples/Resources/maki/wetland-15.png using Guid(be0ba1cde49b24648ba3ec24fae5059b) Importer(815301076,1909f56bfc062723c751e8b465ee728b) (PreviewImporter) -> (artifact id: '2111e920e87289dc18375851b9bbcf74') in 0.0124158 seconds
Number of updated asset objects reloaded before import = 0Number of asset objects unloaded after import = 3

========================================================================
Received Import Request.
  Time since last request: 0.083776 seconds.
  path: Assets/Sprites/Wishing Trees.png
  artifactKey: Guid(60dbd0a8b494e8742a6a773ace455515) Importer(815301076,1909f56bfc062723c751e8b465ee728b)
Start importing Assets/Sprites/Wishing Trees.png using Guid(60dbd0a8b494e8742a6a773ace455515) Importer(815301076,1909f56bfc062723c751e8b465ee728b) (PreviewImporter) -> (artifact id: '27e359c9f7b4b38807b753a29cef934b') in 0.1807325 seconds
Number of updated asset objects reloaded before import = 0Number of asset objects unloaded after import = 6

========================================================================
Received Import Request.
  Time since last request: 2.542264 seconds.
  path: Assets/Mapbox/Examples/Resources/maki/warehouse-15.png
  artifactKey: Guid(3d9903eae716f93498931cff4806f1e9) Importer(815301076,1909f56bfc062723c751e8b465ee728b)
Start importing Assets/Mapbox/Examples/Resources/maki/warehouse-15.png using Guid(3d9903eae716f93498931cff4806f1e9) Importer(815301076,1909f56bfc062723c751e8b465ee728b) (PreviewImporter) -> (artifact id: '5a171109c8bed5a42ebf24c554a34dd6') in 0.136113 seconds
Number of updated asset objects reloaded before import = 0Number of asset objects unloaded after import = 3

========================================================================
Received Import Request.
  Time since last request: 1.461767 seconds.
  path: Assets/LUTE/Resources/Textures/trophyIcon.png
  artifactKey: Guid(c1ca9d9a32b11744aa9e23bd53ea0b0d) Importer(815301076,1909f56bfc062723c751e8b465ee728b)
Start importing Assets/LUTE/Resources/Textures/trophyIcon.png using Guid(c1ca9d9a32b11744aa9e23bd53ea0b0d) Importer(815301076,1909f56bfc062723c751e8b465ee728b) (PreviewImporter) -> (artifact id: 'fe7a966146d441fa3b3916919234d6cb') in 0.0143881 seconds
Number of updated asset objects reloaded before import = 0Number of asset objects unloaded after import = 3

========================================================================
Received Import Request.
  Time since last request: 0.008092 seconds.
  path: Assets/LUTE_Starter Scenes/Scenes/Games/DesignerCreated/Testing/AlbertoDemo/Sprites/Icons/Geotags/undiscovered50.png
  artifactKey: Guid(bcaf9534524471c499aed34eb5f49111) Importer(815301076,1909f56bfc062723c751e8b465ee728b)
Start importing Assets/LUTE_Starter Scenes/Scenes/Games/DesignerCreated/Testing/AlbertoDemo/Sprites/Icons/Geotags/undiscovered50.png using Guid(bcaf9534524471c499aed34eb5f49111) Importer(815301076,1909f56bfc062723c751e8b465ee728b) (PreviewImporter) -> (artifact id: '8e610d09ddec0fe41a693e13e9300d83') in 0.0141025 seconds
Number of updated asset objects reloaded before import = 0Number of asset objects unloaded after import = 3

========================================================================
Received Import Request.
  Time since last request: 0.013551 seconds.
  path: Assets/LUTE/EditorResources/Icons/undiscovered100.png
  artifactKey: Guid(d8eb571ec3eb8fc46afb6fcd3e64b25f) Importer(815301076,1909f56bfc062723c751e8b465ee728b)
Start importing Assets/LUTE/EditorResources/Icons/undiscovered100.png using Guid(d8eb571ec3eb8fc46afb6fcd3e64b25f) Importer(815301076,1909f56bfc062723c751e8b465ee728b) (PreviewImporter) -> (artifact id: '9ef4624011d0a09ef5e44a1c0ca5838d') in 0.014753 seconds
Number of updated asset objects reloaded before import = 0Number of asset objects unloaded after import = 3

========================================================================
Received Import Request.
  Time since last request: 0.036442 seconds.
  path: Assets/LUTE_Starter Scenes/Scenes/Games/DesignerCreated/Testing/AlbertoDemo/Sprites/Icons/Geotags/undiscovered100_new.png
  artifactKey: Guid(6a93ba6c38197db4fb34c36028f98c24) Importer(815301076,1909f56bfc062723c751e8b465ee728b)
Start importing Assets/LUTE_Starter Scenes/Scenes/Games/DesignerCreated/Testing/AlbertoDemo/Sprites/Icons/Geotags/undiscovered100_new.png using Guid(6a93ba6c38197db4fb34c36028f98c24) Importer(815301076,1909f56bfc062723c751e8b465ee728b) (PreviewImporter) -> (artifact id: '8d92821092f7f5074cca6f06581d6353') in 0.0660374 seconds
Number of updated asset objects reloaded before import = 0Number of asset objects unloaded after import = 3

========================================================================
Received Import Request.
  Time since last request: 0.039809 seconds.
  path: Assets/Mapbox/Examples/Resources/maki/volcano-15.png
  artifactKey: Guid(adf4b35731ef85a4fb5abdf6eaca3de4) Importer(815301076,1909f56bfc062723c751e8b465ee728b)
Start importing Assets/Mapbox/Examples/Resources/maki/volcano-15.png using Guid(adf4b35731ef85a4fb5abdf6eaca3de4) Importer(815301076,1909f56bfc062723c751e8b465ee728b) (PreviewImporter) -> (artifact id: '4e641beac8baa9657e73a6b24d1054e1') in 0.0540467 seconds
Number of updated asset objects reloaded before import = 0Number of asset objects unloaded after import = 3

========================================================================
Received Import Request.
  Time since last request: 2.674366 seconds.
  path: Assets/Simulation Environment.prefab
  artifactKey: Guid(90b4b52a08c77c443864a22cfe38e166) Importer(815301076,1909f56bfc062723c751e8b465ee728b)
Start importing Assets/Simulation Environment.prefab using Guid(90b4b52a08c77c443864a22cfe38e166) Importer(815301076,1909f56bfc062723c751e8b465ee728b) (PreviewImporter) -> (artifact id: 'cd71c00b4bec2251babf7a63af88e1ca') in 0.6716977 seconds
Number of updated asset objects reloaded before import = 0Number of asset objects unloaded after import = 46

========================================================================
Received Import Request.
  Time since last request: 487.909403 seconds.
  path: Assets/Sprites
  artifactKey: Guid(4007dc844a19e58469941e2f71ef5a27) Importer(815301076,1909f56bfc062723c751e8b465ee728b)
Start importing Assets/Sprites using Guid(4007dc844a19e58469941e2f71ef5a27) Importer(815301076,1909f56bfc062723c751e8b465ee728b) (PreviewImporter) -> (artifact id: '8b43d1e37fab418fc8aa35170681b7c0') in 0.0007642 seconds
Number of updated asset objects reloaded before import = 0Number of asset objects unloaded after import = 0

========================================================================
Received Import Request.
  Time since last request: 4.677111 seconds.
  path: Assets/Sprites/Line UI.png
  artifactKey: Guid(d87b23979463c144eb952cef8d7bedc6) Importer(815301076,1909f56bfc062723c751e8b465ee728b)
Start importing Assets/Sprites/Line UI.png using Guid(d87b23979463c144eb952cef8d7bedc6) Importer(815301076,1909f56bfc062723c751e8b465ee728b) (PreviewImporter) -> (artifact id: 'f249c384e4f6d1e6fd6dc1d5147116f9') in 0.0165483 seconds
Number of updated asset objects reloaded before import = 0Number of asset objects unloaded after import = 3

========================================================================
Received Import Request.
  Time since last request: 101.634409 seconds.
  path: Assets/Mapbox/Textures/CornerPanelRadius_12px_Stroke_1px.png
  artifactKey: Guid(184ca10c8fb4d4c4b988276fd798c9dc) Importer(815301076,1909f56bfc062723c751e8b465ee728b)
Start importing Assets/Mapbox/Textures/CornerPanelRadius_12px_Stroke_1px.png using Guid(184ca10c8fb4d4c4b988276fd798c9dc) Importer(815301076,1909f56bfc062723c751e8b465ee728b) (PreviewImporter) -> (artifact id: '0f3304847cf8717661d8085f8152e603') in 0.2574787 seconds
Number of updated asset objects reloaded before import = 0Number of asset objects unloaded after import = 3

========================================================================
Received Import Request.
  Time since last request: 0.058995 seconds.
  path: Assets/Mapbox/Examples/Resources/maki/cricket-15.png
  artifactKey: Guid(9e44961703e2ebe408e6fea710bdfdc1) Importer(815301076,1909f56bfc062723c751e8b465ee728b)
Start importing Assets/Mapbox/Examples/Resources/maki/cricket-15.png using Guid(9e44961703e2ebe408e6fea710bdfdc1) Importer(815301076,1909f56bfc062723c751e8b465ee728b) (PreviewImporter) -> (artifact id: '32ffe1d2df841c0a98cafa0e810566d5') in 0.9786362 seconds
Number of updated asset objects reloaded before import = 0Number of asset objects unloaded after import = 3

========================================================================
Received Import Request.
  Time since last request: 0.000025 seconds.
  path: Assets/Mapbox/Examples/Resources/maki/dam-15.png
  artifactKey: Guid(1804a37e31189fe44b20a093489333cd) Importer(815301076,1909f56bfc062723c751e8b465ee728b)
Start importing Assets/Mapbox/Examples/Resources/maki/dam-15.png using Guid(1804a37e31189fe44b20a093489333cd) Importer(815301076,1909f56bfc062723c751e8b465ee728b) (PreviewImporter) -> (artifact id: '6dc8f4583fb55295a9e237fca3d3ce71') in 0.3424277 seconds
Number of updated asset objects reloaded before import = 0Number of asset objects unloaded after import = 3

========================================================================
Received Import Request.
  Time since last request: 0.000027 seconds.
  path: Assets/Mapbox/Examples/Resources/maki/danger-15.png
  artifactKey: Guid(2af076b0c7f87eb4ea2720a89b0ba512) Importer(815301076,1909f56bfc062723c751e8b465ee728b)
Start importing Assets/Mapbox/Examples/Resources/maki/danger-15.png using Guid(2af076b0c7f87eb4ea2720a89b0ba512) Importer(815301076,1909f56bfc062723c751e8b465ee728b) (PreviewImporter) -> (artifact id: '0900f2efc01050c6bc46be075a1501e7') in 0.1747175 seconds
Number of updated asset objects reloaded before import = 0Number of asset objects unloaded after import = 3

========================================================================
Received Import Request.
  Time since last request: 0.000022 seconds.
  path: Assets/LUTE/EditorResources/Textures/cutePlayOrder.png
  artifactKey: Guid(da30450ed78ca6b42aed71ec4b8ab301) Importer(815301076,1909f56bfc062723c751e8b465ee728b)
Start importing Assets/LUTE/EditorResources/Textures/cutePlayOrder.png using Guid(da30450ed78ca6b42aed71ec4b8ab301) Importer(815301076,1909f56bfc062723c751e8b465ee728b) (PreviewImporter) -> (artifact id: '1ca4ef19323c06b1708a1fb62bbdb054') in 0.1352328 seconds
Number of updated asset objects reloaded before import = 0Number of asset objects unloaded after import = 3

========================================================================
Received Import Request.
  Time since last request: 0.000023 seconds.
  path: Assets/LUTE/EditorResources/Icons/default100.png
  artifactKey: Guid(a861ca850d8929a4fb0a50b084585369) Importer(815301076,1909f56bfc062723c751e8b465ee728b)
Start importing Assets/LUTE/EditorResources/Icons/default100.png using Guid(a861ca850d8929a4fb0a50b084585369) Importer(815301076,1909f56bfc062723c751e8b465ee728b) (PreviewImporter) -> (artifact id: '24b08ccf10e5ac462618363246353ff6') in 0.3387247 seconds
Number of updated asset objects reloaded before import = 0Number of asset objects unloaded after import = 3

========================================================================
Received Import Request.
  Time since last request: 0.000022 seconds.
  path: Assets/LUTE/EditorResources/Icons/cross.png
  artifactKey: Guid(9c3e04c2310d02b4ab82c857cb664ad8) Importer(815301076,1909f56bfc062723c751e8b465ee728b)
Start importing Assets/LUTE/EditorResources/Icons/cross.png using Guid(9c3e04c2310d02b4ab82c857cb664ad8) Importer(815301076,1909f56bfc062723c751e8b465ee728b) (PreviewImporter) -> (artifact id: 'a90f8d53d71132a02a46ee7ad17d38c7') in 0.059265 seconds
Number of updated asset objects reloaded before import = 0Number of asset objects unloaded after import = 3

Editor requested this worker to shutdown with reason: Scaling down because of idle timeout
AssetImportWorker is now disconnected from the server
Process exiting
Exiting without the bug reporter. Application will terminate with return code 0